"absolute_panel","panel_id","page","panel_on_page","scene","scene_name","act_layer","board_geometry","gradient_band","panel_role","visual_meaning","allowed_language","visual_focus","prompt_seed"
"1","B1-P01-F1","1","1","1","Point","Act One: Mystery / Birth","empty field","G00 total black","Establish","sets the page condition","marks/symbols only","black-on-black dot or point awareness in empty hidden crate interior","Act One: Mystery / Birth; empty field; black-on-black dot or point awareness in empty hidden crate interior; G00 total black; Establish; sets the page condition"
"2","B1-P01-F2","1","2","1","Point","Act One: Mystery / Birth","empty field","G00 total black","Disturb","introduces the interruption","marks/symbols only","black-on-black dot or point awareness in empty hidden crate interior","Act One: Mystery / Birth; empty field; black-on-black dot or point awareness in empty hidden crate interior; G00 total black; Disturb; introduces the interruption"
"3","B1-P01-F3","1","3","1","Point","Act One: Mystery / Birth","empty field","G00 total black","Answer","shows how darkness/crate responds","marks/symbols only","black-on-black dot or point awareness in empty hidden crate interior","Act One: Mystery / Birth; empty field; black-on-black dot or point awareness in empty hidden crate interior; G00 total black; Answer; shows how darkness/crate responds"
"4","B1-P01-F4","1","4","1","Point","Act One: Mystery / Birth","empty field","G00 total black","Transform","shows the change beginning","marks/symbols only","black-on-black dot or point awareness in empty hidden crate interior","Act One: Mystery / Birth; empty field; black-on-black dot or point awareness in empty hidden crate interior; G00 total black; Transform; shows the change beginning"
"5","B1-P01-F5","1","5","1","Point","Act One: Mystery / Birth","empty field","G00 total black","Clarify","makes one element more readable","marks/symbols only","black-on-black dot or point awareness in empty hidden crate interior","Act One: Mystery / Birth; empty field; black-on-black dot or point awareness in empty hidden crate interior; G00 total black; Clarify; makes one element more readable"
"6","B1-P01-F6","1","6","1","Point","Act One: Mystery / Birth","empty field","G00 total black","Hand-off","points toward the next page","marks/symbols only","black-on-black dot or point awareness in empty hidden crate interior","Act One: Mystery / Birth; empty field; black-on-black dot or point awareness in empty hidden crate interior; G00 total black; Hand-off; points toward the next page"
"7","B1-P02-F1","2","1","1","Point","Act One: Mystery / Birth","empty field","G00 total black","Establish","sets the page condition","marks/symbols only","black-on-black dot or point awareness in empty hidden crate interior","Act One: Mystery / Birth; empty field; black-on-black dot or point awareness in empty hidden crate interior; G00 total black; Establish; sets the page condition"
"8","B1-P02-F2","2","2","1","Point","Act One: Mystery / Birth","empty field","G00 total black","Disturb","introduces the interruption","marks/symbols only","black-on-black dot or point awareness in empty hidden crate interior","Act One: Mystery / Birth; empty field; black-on-black dot or point awareness in empty hidden crate interior; G00 total black; Disturb; introduces the interruption"
"9","B1-P02-F3","2","3","1","Point","Act One: Mystery / Birth","empty field","G00 total black","Answer","shows how darkness/crate responds","marks/symbols only","black-on-black dot or point awareness in empty hidden crate interior","Act One: Mystery / Birth; empty field; black-on-black dot or point awareness in empty hidden crate interior; G00 total black; Answer; shows how darkness/crate responds"
"10","B1-P02-F4","2","4","1","Point","Act One: Mystery / Birth","empty field","G00 total black","Transform","shows the change beginning","marks/symbols only","black-on-black dot or point awareness in empty hidden crate interior","Act One: Mystery / Birth; empty field; black-on-black dot or point awareness in empty hidden crate interior; G00 total black; Transform; shows the change beginning"
"11","B1-P02-F5","2","5","1","Point","Act One: Mystery / Birth","empty field","G00 total black","Clarify","makes one element more readable","marks/symbols only","black-on-black dot or point awareness in empty hidden crate interior","Act One: Mystery / Birth; empty field; black-on-black dot or point awareness in empty hidden crate interior; G00 total black; Clarify; makes one element more readable"
"12","B1-P02-F6","2","6","1","Point","Act One: Mystery / Birth","empty field","G00 total black","Hand-off","points toward the next page","marks/symbols only","black-on-black dot or point awareness in empty hidden crate interior","Act One: Mystery / Birth; empty field; black-on-black dot or point awareness in empty hidden crate interior; G00 total black; Hand-off; points toward the next page"
"13","B1-P03-F1","3","1","1","Point","Act One: Mystery / Birth","empty field","G00 total black","Establish","sets the page condition","marks/symbols only","black-on-black dot or point awareness in empty hidden crate interior","Act One: Mystery / Birth; empty field; black-on-black dot or point awareness in empty hidden crate interior; G00 total black; Establish; sets the page condition"
"14","B1-P03-F2","3","2","1","Point","Act One: Mystery / Birth","empty field","G00 total black","Disturb","introduces the interruption","marks/symbols only","black-on-black dot or point awareness in empty hidden crate interior","Act One: Mystery / Birth; empty field; black-on-black dot or point awareness in empty hidden crate interior; G00 total black; Disturb; introduces the interruption"
"15","B1-P03-F3","3","3","1","Point","Act One: Mystery / Birth","empty field","G00 total black","Answer","shows how darkness/crate responds","marks/symbols only","black-on-black dot or point awareness in empty hidden crate interior","Act One: Mystery / Birth; empty field; black-on-black dot or point awareness in empty hidden crate interior; G00 total black; Answer; shows how darkness/crate responds"
"16","B1-P03-F4","3","4","1","Point","Act One: Mystery / Birth","empty field","G00 total black","Transform","shows the change beginning","marks/symbols only","black-on-black dot or point awareness in empty hidden crate interior","Act One: Mystery / Birth; empty field; black-on-black dot or point awareness in empty hidden crate interior; G00 total black; Transform; shows the change beginning"
"17","B1-P03-F5","3","5","1","Point","Act One: Mystery / Birth","empty field","G00 total black","Clarify","makes one element more readable","marks/symbols only","black-on-black dot or point awareness in empty hidden crate interior","Act One: Mystery / Birth; empty field; black-on-black dot or point awareness in empty hidden crate interior; G00 total black; Clarify; makes one element more readable"
"18","B1-P03-F6","3","6","1","Point","Act One: Mystery / Birth","empty field","G00 total black","Hand-off","points toward the next page","marks/symbols only","black-on-black dot or point awareness in empty hidden crate interior","Act One: Mystery / Birth; empty field; black-on-black dot or point awareness in empty hidden crate interior; G00 total black; Hand-off; points toward the next page"
"19","B1-P04-F1","4","1","2","Line","Act One: Mystery / Birth","empty field","G05 black with marks","Establish","sets the page condition","punctuation only","dot stretches into line, punctuation pressure, first edge or direction","Act One: Mystery / Birth; empty field; dot stretches into line, punctuation pressure, first edge or direction; G05 black with marks; Establish; sets the page condition"
"20","B1-P04-F2","4","2","2","Line","Act One: Mystery / Birth","empty field","G05 black with marks","Disturb","introduces the interruption","punctuation only","dot stretches into line, punctuation pressure, first edge or direction","Act One: Mystery / Birth; empty field; dot stretches into line, punctuation pressure, first edge or direction; G05 black with marks; Disturb; introduces the interruption"
"21","B1-P04-F3","4","3","2","Line","Act One: Mystery / Birth","empty field","G05 black with marks","Answer","shows how darkness/crate responds","punctuation only","dot stretches into line, punctuation pressure, first edge or direction","Act One: Mystery / Birth; empty field; dot stretches into line, punctuation pressure, first edge or direction; G05 black with marks; Answer; shows how darkness/crate responds"
"22","B1-P04-F4","4","4","2","Line","Act One: Mystery / Birth","empty field","G05 black with marks","Transform","shows the change beginning","punctuation only","dot stretches into line, punctuation pressure, first edge or direction","Act One: Mystery / Birth; empty field; dot stretches into line, punctuation pressure, first edge or direction; G05 black with marks; Transform; shows the change beginning"
"23","B1-P04-F5","4","5","2","Line","Act One: Mystery / Birth","empty field","G05 black with marks","Clarify","makes one element more readable","punctuation only","dot stretches into line, punctuation pressure, first edge or direction","Act One: Mystery / Birth; empty field; dot stretches into line, punctuation pressure, first edge or direction; G05 black with marks; Clarify; makes one element more readable"
"24","B1-P04-F6","4","6","2","Line","Act One: Mystery / Birth","empty field","G05 black with marks","Hand-off","points toward the next page","punctuation only","dot stretches into line, punctuation pressure, first edge or direction","Act One: Mystery / Birth; empty field; dot stretches into line, punctuation pressure, first edge or direction; G05 black with marks; Hand-off; points toward the next page"
"25","B1-P05-F1","5","1","2","Line","Act One: Mystery / Birth","empty field","G05 black with marks","Establish","sets the page condition","punctuation only","dot stretches into line, punctuation pressure, first edge or direction","Act One: Mystery / Birth; empty field; dot stretches into line, punctuation pressure, first edge or direction; G05 black with marks; Establish; sets the page condition"
"26","B1-P05-F2","5","2","2","Line","Act One: Mystery / Birth","empty field","G05 black with marks","Disturb","introduces the interruption","punctuation only","dot stretches into line, punctuation pressure, first edge or direction","Act One: Mystery / Birth; empty field; dot stretches into line, punctuation pressure, first edge or direction; G05 black with marks; Disturb; introduces the interruption"
"27","B1-P05-F3","5","3","2","Line","Act One: Mystery / Birth","empty field","G05 black with marks","Answer","shows how darkness/crate responds","punctuation only","dot stretches into line, punctuation pressure, first edge or direction","Act One: Mystery / Birth; empty field; dot stretches into line, punctuation pressure, first edge or direction; G05 black with marks; Answer; shows how darkness/crate responds"
"28","B1-P05-F4","5","4","2","Line","Act One: Mystery / Birth","empty field","G05 black with marks","Transform","shows the change beginning","punctuation only","dot stretches into line, punctuation pressure, first edge or direction","Act One: Mystery / Birth; empty field; dot stretches into line, punctuation pressure, first edge or direction; G05 black with marks; Transform; shows the change beginning"
"29","B1-P05-F5","5","5","2","Line","Act One: Mystery / Birth","empty field","G05 black with marks","Clarify","makes one element more readable","punctuation only","dot stretches into line, punctuation pressure, first edge or direction","Act One: Mystery / Birth; empty field; dot stretches into line, punctuation pressure, first edge or direction; G05 black with marks; Clarify; makes one element more readable"
"30","B1-P05-F6","5","6","2","Line","Act One: Mystery / Birth","empty field","G05 black with marks","Hand-off","points toward the next page","punctuation only","dot stretches into line, punctuation pressure, first edge or direction","Act One: Mystery / Birth; empty field; dot stretches into line, punctuation pressure, first edge or direction; G05 black with marks; Hand-off; points toward the next page"
"31","B1-P06-F1","6","1","2","Line","Act One: Mystery / Birth","empty field","G05 black with marks","Establish","sets the page condition","punctuation only","dot stretches into line, punctuation pressure, first edge or direction","Act One: Mystery / Birth; empty field; dot stretches into line, punctuation pressure, first edge or direction; G05 black with marks; Establish; sets the page condition"
"32","B1-P06-F2","6","2","2","Line","Act One: Mystery / Birth","empty field","G05 black with marks","Disturb","introduces the interruption","punctuation only","dot stretches into line, punctuation pressure, first edge or direction","Act One: Mystery / Birth; empty field; dot stretches into line, punctuation pressure, first edge or direction; G05 black with marks; Disturb; introduces the interruption"
"33","B1-P06-F3","6","3","2","Line","Act One: Mystery / Birth","empty field","G05 black with marks","Answer","shows how darkness/crate responds","punctuation only","dot stretches into line, punctuation pressure, first edge or direction","Act One: Mystery / Birth; empty field; dot stretches into line, punctuation pressure, first edge or direction; G05 black with marks; Answer; shows how darkness/crate responds"
"34","B1-P06-F4","6","4","2","Line","Act One: Mystery / Birth","empty field","G05 black with marks","Transform","shows the change beginning","punctuation only","dot stretches into line, punctuation pressure, first edge or direction","Act One: Mystery / Birth; empty field; dot stretches into line, punctuation pressure, first edge or direction; G05 black with marks; Transform; shows the change beginning"
"35","B1-P06-F5","6","5","2","Line","Act One: Mystery / Birth","empty field","G05 black with marks","Clarify","makes one element more readable","punctuation only","dot stretches into line, punctuation pressure, first edge or direction","Act One: Mystery / Birth; empty field; dot stretches into line, punctuation pressure, first edge or direction; G05 black with marks; Clarify; makes one element more readable"
"36","B1-P06-F6","6","6","2","Line","Act One: Mystery / Birth","empty field","G05 black with marks","Hand-off","points toward the next page","punctuation only","dot stretches into line, punctuation pressure, first edge or direction","Act One: Mystery / Birth; empty field; dot stretches into line, punctuation pressure, first edge or direction; G05 black with marks; Hand-off; points toward the next page"
"37","B1-P07-F1","7","1","3","Box","Act One: Mystery / Birth","diagonal pressure","G05 black with marks","Establish","sets the page condition","body sound only","flat box implied by lines, first body sound as pain and vibration, no anatomy","Act One: Mystery / Birth; diagonal pressure; flat box implied by lines, first body sound as pain and vibration, no anatomy; G05 black with marks; Establish; sets the page condition"
"38","B1-P07-F2","7","2","3","Box","Act One: Mystery / Birth","diagonal pressure","G05 black with marks","Disturb","introduces the interruption","body sound only","flat box implied by lines, first body sound as pain and vibration, no anatomy","Act One: Mystery / Birth; diagonal pressure; flat box implied by lines, first body sound as pain and vibration, no anatomy; G05 black with marks; Disturb; introduces the interruption"
"39","B1-P07-F3","7","3","3","Box","Act One: Mystery / Birth","diagonal pressure","G05 black with marks","Answer","shows how darkness/crate responds","body sound only","flat box implied by lines, first body sound as pain and vibration, no anatomy","Act One: Mystery / Birth; diagonal pressure; flat box implied by lines, first body sound as pain and vibration, no anatomy; G05 black with marks; Answer; shows how darkness/crate responds"
"40","B1-P07-F4","7","4","3","Box","Act One: Mystery / Birth","diagonal pressure","G05 black with marks","Transform","shows the change beginning","body sound only","flat box implied by lines, first body sound as pain and vibration, no anatomy","Act One: Mystery / Birth; diagonal pressure; flat box implied by lines, first body sound as pain and vibration, no anatomy; G05 black with marks; Transform; shows the change beginning"
"41","B1-P07-F5","7","5","3","Box","Act One: Mystery / Birth","diagonal pressure","G05 black with marks","Clarify","makes one element more readable","body sound only","flat box implied by lines, first body sound as pain and vibration, no anatomy","Act One: Mystery / Birth; diagonal pressure; flat box implied by lines, first body sound as pain and vibration, no anatomy; G05 black with marks; Clarify; makes one element more readable"
"42","B1-P07-F6","7","6","3","Box","Act One: Mystery / Birth","diagonal pressure","G05 black with marks","Hand-off","points toward the next page","body sound only","flat box implied by lines, first body sound as pain and vibration, no anatomy","Act One: Mystery / Birth; diagonal pressure; flat box implied by lines, first body sound as pain and vibration, no anatomy; G05 black with marks; Hand-off; points toward the next page"
"43","B1-P08-F1","8","1","3","Box","Act One: Mystery / Birth","diagonal pressure","G05 black with marks","Establish","sets the page condition","body sound only","flat box implied by lines, first body sound as pain and vibration, no anatomy","Act One: Mystery / Birth; diagonal pressure; flat box implied by lines, first body sound as pain and vibration, no anatomy; G05 black with marks; Establish; sets the page condition"
"44","B1-P08-F2","8","2","3","Box","Act One: Mystery / Birth","diagonal pressure","G05 black with marks","Disturb","introduces the interruption","body sound only","flat box implied by lines, first body sound as pain and vibration, no anatomy","Act One: Mystery / Birth; diagonal pressure; flat box implied by lines, first body sound as pain and vibration, no anatomy; G05 black with marks; Disturb; introduces the interruption"
"45","B1-P08-F3","8","3","3","Box","Act One: Mystery / Birth","diagonal pressure","G05 black with marks","Answer","shows how darkness/crate responds","body sound only","flat box implied by lines, first body sound as pain and vibration, no anatomy","Act One: Mystery / Birth; diagonal pressure; flat box implied by lines, first body sound as pain and vibration, no anatomy; G05 black with marks; Answer; shows how darkness/crate responds"
"46","B1-P08-F4","8","4","3","Box","Act One: Mystery / Birth","diagonal pressure","G05 black with marks","Transform","shows the change beginning","body sound only","flat box implied by lines, first body sound as pain and vibration, no anatomy","Act One: Mystery / Birth; diagonal pressure; flat box implied by lines, first body sound as pain and vibration, no anatomy; G05 black with marks; Transform; shows the change beginning"
"47","B1-P08-F5","8","5","3","Box","Act One: Mystery / Birth","diagonal pressure","G05 black with marks","Clarify","makes one element more readable","body sound only","flat box implied by lines, first body sound as pain and vibration, no anatomy","Act One: Mystery / Birth; diagonal pressure; flat box implied by lines, first body sound as pain and vibration, no anatomy; G05 black with marks; Clarify; makes one element more readable"
"48","B1-P08-F6","8","6","3","Box","Act One: Mystery / Birth","diagonal pressure","G05 black with marks","Hand-off","points toward the next page","body sound only","flat box implied by lines, first body sound as pain and vibration, no anatomy","Act One: Mystery / Birth; diagonal pressure; flat box implied by lines, first body sound as pain and vibration, no anatomy; G05 black with marks; Hand-off; points toward the next page"
"49","B1-P09-F1","9","1","3","Box","Act One: Mystery / Birth","diagonal pressure","G05 black with marks","Establish","sets the page condition","body sound only","flat box implied by lines, first body sound as pain and vibration, no anatomy","Act One: Mystery / Birth; diagonal pressure; flat box implied by lines, first body sound as pain and vibration, no anatomy; G05 black with marks; Establish; sets the page condition"
"50","B1-P09-F2","9","2","3","Box","Act One: Mystery / Birth","diagonal pressure","G05 black with marks","Disturb","introduces the interruption","body sound only","flat box implied by lines, first body sound as pain and vibration, no anatomy","Act One: Mystery / Birth; diagonal pressure; flat box implied by lines, first body sound as pain and vibration, no anatomy; G05 black with marks; Disturb; introduces the interruption"
"51","B1-P09-F3","9","3","3","Box","Act One: Mystery / Birth","diagonal pressure","G05 black with marks","Answer","shows how darkness/crate responds","body sound only","flat box implied by lines, first body sound as pain and vibration, no anatomy","Act One: Mystery / Birth; diagonal pressure; flat box implied by lines, first body sound as pain and vibration, no anatomy; G05 black with marks; Answer; shows how darkness/crate responds"
"52","B1-P09-F4","9","4","3","Box","Act One: Mystery / Birth","diagonal pressure","G05 black with marks","Transform","shows the change beginning","body sound only","flat box implied by lines, first body sound as pain and vibration, no anatomy","Act One: Mystery / Birth; diagonal pressure; flat box implied by lines, first body sound as pain and vibration, no anatomy; G05 black with marks; Transform; shows the change beginning"
"53","B1-P09-F5","9","5","3","Box","Act One: Mystery / Birth","diagonal pressure","G05 black with marks","Clarify","makes one element more readable","body sound only","flat box implied by lines, first body sound as pain and vibration, no anatomy","Act One: Mystery / Birth; diagonal pressure; flat box implied by lines, first body sound as pain and vibration, no anatomy; G05 black with marks; Clarify; makes one element more readable"
"54","B1-P09-F6","9","6","3","Box","Act One: Mystery / Birth","diagonal pressure","G05 black with marks","Hand-off","points toward the next page","body sound only","flat box implied by lines, first body sound as pain and vibration, no anatomy","Act One: Mystery / Birth; diagonal pressure; flat box implied by lines, first body sound as pain and vibration, no anatomy; G05 black with marks; Hand-off; points toward the next page"
"55","B1-P10-F1","10","1","4","Cube","Act One: Mystery / Birth","diagonal pressure","G10 black with pressure geometry","Establish","sets the page condition","single letters/broken clusters","flat box rotates into cube logic, edges faces corners, no stable full word","Act One: Mystery / Birth; diagonal pressure; flat box rotates into cube logic, edges faces corners, no stable full word; G10 black with pressure geometry; Establish; sets the page condition"
"56","B1-P10-F2","10","2","4","Cube","Act One: Mystery / Birth","diagonal pressure","G10 black with pressure geometry","Disturb","introduces the interruption","single letters/broken clusters","flat box rotates into cube logic, edges faces corners, no stable full word","Act One: Mystery / Birth; diagonal pressure; flat box rotates into cube logic, edges faces corners, no stable full word; G10 black with pressure geometry; Disturb; introduces the interruption"
"57","B1-P10-F3","10","3","4","Cube","Act One: Mystery / Birth","diagonal pressure","G10 black with pressure geometry","Answer","shows how darkness/crate responds","single letters/broken clusters","flat box rotates into cube logic, edges faces corners, no stable full word","Act One: Mystery / Birth; diagonal pressure; flat box rotates into cube logic, edges faces corners, no stable full word; G10 black with pressure geometry; Answer; shows how darkness/crate responds"
"58","B1-P10-F4","10","4","4","Cube","Act One: Mystery / Birth","diagonal pressure","G10 black with pressure geometry","Transform","shows the change beginning","single letters/broken clusters","flat box rotates into cube logic, edges faces corners, no stable full word","Act One: Mystery / Birth; diagonal pressure; flat box rotates into cube logic, edges faces corners, no stable full word; G10 black with pressure geometry; Transform; shows the change beginning"
"59","B1-P10-F5","10","5","4","Cube","Act One: Mystery / Birth","diagonal pressure","G10 black with pressure geometry","Clarify","makes one element more readable","single letters/broken clusters","flat box rotates into cube logic, edges faces corners, no stable full word","Act One: Mystery / Birth; diagonal pressure; flat box rotates into cube logic, edges faces corners, no stable full word; G10 black with pressure geometry; Clarify; makes one element more readable"
"60","B1-P10-F6","10","6","4","Cube","Act One: Mystery / Birth","diagonal pressure","G10 black with pressure geometry","Hand-off","points toward the next page","single letters/broken clusters","flat box rotates into cube logic, edges faces corners, no stable full word","Act One: Mystery / Birth; diagonal pressure; flat box rotates into cube logic, edges faces corners, no stable full word; G10 black with pressure geometry; Hand-off; points toward the next page"
"61","B1-P11-F1","11","1","4","Cube","Act One: Mystery / Birth","diagonal pressure","G10 black with pressure geometry","Establish","sets the page condition","single letters/broken clusters","flat box rotates into cube logic, edges faces corners, no stable full word","Act One: Mystery / Birth; diagonal pressure; flat box rotates into cube logic, edges faces corners, no stable full word; G10 black with pressure geometry; Establish; sets the page condition"
"62","B1-P11-F2","11","2","4","Cube","Act One: Mystery / Birth","diagonal pressure","G10 black with pressure geometry","Disturb","introduces the interruption","single letters/broken clusters","flat box rotates into cube logic, edges faces corners, no stable full word","Act One: Mystery / Birth; diagonal pressure; flat box rotates into cube logic, edges faces corners, no stable full word; G10 black with pressure geometry; Disturb; introduces the interruption"
"63","B1-P11-F3","11","3","4","Cube","Act One: Mystery / Birth","diagonal pressure","G10 black with pressure geometry","Answer","shows how darkness/crate responds","single letters/broken clusters","flat box rotates into cube logic, edges faces corners, no stable full word","Act One: Mystery / Birth; diagonal pressure; flat box rotates into cube logic, edges faces corners, no stable full word; G10 black with pressure geometry; Answer; shows how darkness/crate responds"
"64","B1-P11-F4","11","4","4","Cube","Act One: Mystery / Birth","diagonal pressure","G10 black with pressure geometry","Transform","shows the change beginning","single letters/broken clusters","flat box rotates into cube logic, edges faces corners, no stable full word","Act One: Mystery / Birth; diagonal pressure; flat box rotates into cube logic, edges faces corners, no stable full word; G10 black with pressure geometry; Transform; shows the change beginning"
"65","B1-P11-F5","11","5","4","Cube","Act One: Mystery / Birth","diagonal pressure","G10 black with pressure geometry","Clarify","makes one element more readable","single letters/broken clusters","flat box rotates into cube logic, edges faces corners, no stable full word","Act One: Mystery / Birth; diagonal pressure; flat box rotates into cube logic, edges faces corners, no stable full word; G10 black with pressure geometry; Clarify; makes one element more readable"
"66","B1-P11-F6","11","6","4","Cube","Act One: Mystery / Birth","diagonal pressure","G10 black with pressure geometry","Hand-off","points toward the next page","single letters/broken clusters","flat box rotates into cube logic, edges faces corners, no stable full word","Act One: Mystery / Birth; diagonal pressure; flat box rotates into cube logic, edges faces corners, no stable full word; G10 black with pressure geometry; Hand-off; points toward the next page"
"67","B1-P12-F1","12","1","4","Cube","Act One: Mystery / Birth","diagonal pressure","G10 black with pressure geometry","Establish","sets the page condition","single letters/broken clusters","flat box rotates into cube logic, edges faces corners, no stable full word","Act One: Mystery / Birth; diagonal pressure; flat box rotates into cube logic, edges faces corners, no stable full word; G10 black with pressure geometry; Establish; sets the page condition"
"68","B1-P12-F2","12","2","4","Cube","Act One: Mystery / Birth","diagonal pressure","G10 black with pressure geometry","Disturb","introduces the interruption","single letters/broken clusters","flat box rotates into cube logic, edges faces corners, no stable full word","Act One: Mystery / Birth; diagonal pressure; flat box rotates into cube logic, edges faces corners, no stable full word; G10 black with pressure geometry; Disturb; introduces the interruption"
"69","B1-P12-F3","12","3","4","Cube","Act One: Mystery / Birth","diagonal pressure","G10 black with pressure geometry","Answer","shows how darkness/crate responds","single letters/broken clusters","flat box rotates into cube logic, edges faces corners, no stable full word","Act One: Mystery / Birth; diagonal pressure; flat box rotates into cube logic, edges faces corners, no stable full word; G10 black with pressure geometry; Answer; shows how darkness/crate responds"
"70","B1-P12-F4","12","4","4","Cube","Act One: Mystery / Birth","diagonal pressure","G10 black with pressure geometry","Transform","shows the change beginning","single letters/broken clusters","flat box rotates into cube logic, edges faces corners, no stable full word","Act One: Mystery / Birth; diagonal pressure; flat box rotates into cube logic, edges faces corners, no stable full word; G10 black with pressure geometry; Transform; shows the change beginning"
"71","B1-P12-F5","12","5","4","Cube","Act One: Mystery / Birth","diagonal pressure","G10 black with pressure geometry","Clarify","makes one element more readable","single letters/broken clusters","flat box rotates into cube logic, edges faces corners, no stable full word","Act One: Mystery / Birth; diagonal pressure; flat box rotates into cube logic, edges faces corners, no stable full word; G10 black with pressure geometry; Clarify; makes one element more readable"
"72","B1-P12-F6","12","6","4","Cube","Act One: Mystery / Birth","diagonal pressure","G10 black with pressure geometry","Hand-off","points toward the next page","single letters/broken clusters","flat box rotates into cube logic, edges faces corners, no stable full word","Act One: Mystery / Birth; diagonal pressure; flat box rotates into cube logic, edges faces corners, no stable full word; G10 black with pressure geometry; Hand-off; points toward the next page"
"73","B1-P13-F1","13","1","4","Cube","Act One: Mystery / Birth","diagonal pressure","G10 black with pressure geometry","Establish","sets the page condition","single letters/broken clusters","flat box rotates into cube logic, edges faces corners, no stable full word","Act One: Mystery / Birth; diagonal pressure; flat box rotates into cube logic, edges faces corners, no stable full word; G10 black with pressure geometry; Establish; sets the page condition"
"74","B1-P13-F2","13","2","4","Cube","Act One: Mystery / Birth","diagonal pressure","G10 black with pressure geometry","Disturb","introduces the interruption","single letters/broken clusters","flat box rotates into cube logic, edges faces corners, no stable full word","Act One: Mystery / Birth; diagonal pressure; flat box rotates into cube logic, edges faces corners, no stable full word; G10 black with pressure geometry; Disturb; introduces the interruption"
"75","B1-P13-F3","13","3","4","Cube","Act One: Mystery / Birth","diagonal pressure","G10 black with pressure geometry","Answer","shows how darkness/crate responds","single letters/broken clusters","flat box rotates into cube logic, edges faces corners, no stable full word","Act One: Mystery / Birth; diagonal pressure; flat box rotates into cube logic, edges faces corners, no stable full word; G10 black with pressure geometry; Answer; shows how darkness/crate responds"
"76","B1-P13-F4","13","4","4","Cube","Act One: Mystery / Birth","diagonal pressure","G10 black with pressure geometry","Transform","shows the change beginning","single letters/broken clusters","flat box rotates into cube logic, edges faces corners, no stable full word","Act One: Mystery / Birth; diagonal pressure; flat box rotates into cube logic, edges faces corners, no stable full word; G10 black with pressure geometry; Transform; shows the change beginning"
"77","B1-P13-F5","13","5","4","Cube","Act One: Mystery / Birth","diagonal pressure","G10 black with pressure geometry","Clarify","makes one element more readable","single letters/broken clusters","flat box rotates into cube logic, edges faces corners, no stable full word","Act One: Mystery / Birth; diagonal pressure; flat box rotates into cube logic, edges faces corners, no stable full word; G10 black with pressure geometry; Clarify; makes one element more readable"
"78","B1-P13-F6","13","6","4","Cube","Act One: Mystery / Birth","diagonal pressure","G10 black with pressure geometry","Hand-off","points toward the next page","single letters/broken clusters","flat box rotates into cube logic, edges faces corners, no stable full word","Act One: Mystery / Birth; diagonal pressure; flat box rotates into cube logic, edges faces corners, no stable full word; G10 black with pressure geometry; Hand-off; points toward the next page"
"79","B1-P14-F1","14","1","4","Cube","Act One: Mystery / Birth","diagonal pressure","G10 black with pressure geometry","Establish","sets the page condition","single letters/broken clusters","flat box rotates into cube logic, edges faces corners, no stable full word","Act One: Mystery / Birth; diagonal pressure; flat box rotates into cube logic, edges faces corners, no stable full word; G10 black with pressure geometry; Establish; sets the page condition"
"80","B1-P14-F2","14","2","4","Cube","Act One: Mystery / Birth","diagonal pressure","G10 black with pressure geometry","Disturb","introduces the interruption","single letters/broken clusters","flat box rotates into cube logic, edges faces corners, no stable full word","Act One: Mystery / Birth; diagonal pressure; flat box rotates into cube logic, edges faces corners, no stable full word; G10 black with pressure geometry; Disturb; introduces the interruption"
"81","B1-P14-F3","14","3","4","Cube","Act One: Mystery / Birth","diagonal pressure","G10 black with pressure geometry","Answer","shows how darkness/crate responds","single letters/broken clusters","flat box rotates into cube logic, edges faces corners, no stable full word","Act One: Mystery / Birth; diagonal pressure; flat box rotates into cube logic, edges faces corners, no stable full word; G10 black with pressure geometry; Answer; shows how darkness/crate responds"
"82","B1-P14-F4","14","4","4","Cube","Act One: Mystery / Birth","diagonal pressure","G10 black with pressure geometry","Transform","shows the change beginning","single letters/broken clusters","flat box rotates into cube logic, edges faces corners, no stable full word","Act One: Mystery / Birth; diagonal pressure; flat box rotates into cube logic, edges faces corners, no stable full word; G10 black with pressure geometry; Transform; shows the change beginning"
"83","B1-P14-F5","14","5","4","Cube","Act One: Mystery / Birth","diagonal pressure","G10 black with pressure geometry","Clarify","makes one element more readable","single letters/broken clusters","flat box rotates into cube logic, edges faces corners, no stable full word","Act One: Mystery / Birth; diagonal pressure; flat box rotates into cube logic, edges faces corners, no stable full word; G10 black with pressure geometry; Clarify; makes one element more readable"
"84","B1-P14-F6","14","6","4","Cube","Act One: Mystery / Birth","diagonal pressure","G10 black with pressure geometry","Hand-off","points toward the next page","single letters/broken clusters","flat box rotates into cube logic, edges faces corners, no stable full word","Act One: Mystery / Birth; diagonal pressure; flat box rotates into cube logic, edges faces corners, no stable full word; G10 black with pressure geometry; Hand-off; points toward the next page"
"85","B1-P15-F1","15","1","5","Growing Grid","Act One: Mystery / Birth","diagonal pressure","G15 black with stress and planes","Establish","sets the page condition","repeated line/grid fragments","slow-growing black-on-black grid, building-facade perspective, reflective window grid, isometric tile logic, no explicit cubes or warehouse","Act One: Mystery / Birth; diagonal pressure; slow-growing black-on-black grid, building-facade perspective, reflective window grid, isometric tile logic, no explicit cubes or warehouse; G15 black with stress and planes; Establish; sets the page condition"
"86","B1-P15-F2","15","2","5","Growing Grid","Act One: Mystery / Birth","diagonal pressure","G15 black with stress and planes","Disturb","introduces the interruption","repeated line/grid fragments","slow-growing black-on-black grid, building-facade perspective, reflective window grid, isometric tile logic, no explicit cubes or warehouse","Act One: Mystery / Birth; diagonal pressure; slow-growing black-on-black grid, building-facade perspective, reflective window grid, isometric tile logic, no explicit cubes or warehouse; G15 black with stress and planes; Disturb; introduces the interruption"
"87","B1-P15-F3","15","3","5","Growing Grid","Act One: Mystery / Birth","diagonal pressure","G15 black with stress and planes","Answer","shows how darkness/crate responds","repeated line/grid fragments","slow-growing black-on-black grid, building-facade perspective, reflective window grid, isometric tile logic, no explicit cubes or warehouse","Act One: Mystery / Birth; diagonal pressure; slow-growing black-on-black grid, building-facade perspective, reflective window grid, isometric tile logic, no explicit cubes or warehouse; G15 black with stress and planes; Answer; shows how darkness/crate responds"
"88","B1-P15-F4","15","4","5","Growing Grid","Act One: Mystery / Birth","diagonal pressure","G15 black with stress and planes","Transform","shows the change beginning","repeated line/grid fragments","slow-growing black-on-black grid, building-facade perspective, reflective window grid, isometric tile logic, no explicit cubes or warehouse","Act One: Mystery / Birth; diagonal pressure; slow-growing black-on-black grid, building-facade perspective, reflective window grid, isometric tile logic, no explicit cubes or warehouse; G15 black with stress and planes; Transform; shows the change beginning"
"89","B1-P15-F5","15","5","5","Growing Grid","Act One: Mystery / Birth","diagonal pressure","G15 black with stress and planes","Clarify","makes one element more readable","repeated line/grid fragments","slow-growing black-on-black grid, building-facade perspective, reflective window grid, isometric tile logic, no explicit cubes or warehouse","Act One: Mystery / Birth; diagonal pressure; slow-growing black-on-black grid, building-facade perspective, reflective window grid, isometric tile logic, no explicit cubes or warehouse; G15 black with stress and planes; Clarify; makes one element more readable"
"90","B1-P15-F6","15","6","5","Growing Grid","Act One: Mystery / Birth","diagonal pressure","G15 black with stress and planes","Hand-off","points toward the next page","repeated line/grid fragments","slow-growing black-on-black grid, building-facade perspective, reflective window grid, isometric tile logic, no explicit cubes or warehouse","Act One: Mystery / Birth; diagonal pressure; slow-growing black-on-black grid, building-facade perspective, reflective window grid, isometric tile logic, no explicit cubes or warehouse; G15 black with stress and planes; Hand-off; points toward the next page"
"91","B1-P16-F1","16","1","5","Growing Grid","Act One: Mystery / Birth","diagonal pressure","G15 black with stress and planes","Establish","sets the page condition","repeated line/grid fragments","slow-growing black-on-black grid, building-facade perspective, reflective window grid, isometric tile logic, no explicit cubes or warehouse","Act One: Mystery / Birth; diagonal pressure; slow-growing black-on-black grid, building-facade perspective, reflective window grid, isometric tile logic, no explicit cubes or warehouse; G15 black with stress and planes; Establish; sets the page condition"
"92","B1-P16-F2","16","2","5","Growing Grid","Act One: Mystery / Birth","diagonal pressure","G15 black with stress and planes","Disturb","introduces the interruption","repeated line/grid fragments","slow-growing black-on-black grid, building-facade perspective, reflective window grid, isometric tile logic, no explicit cubes or warehouse","Act One: Mystery / Birth; diagonal pressure; slow-growing black-on-black grid, building-facade perspective, reflective window grid, isometric tile logic, no explicit cubes or warehouse; G15 black with stress and planes; Disturb; introduces the interruption"
"93","B1-P16-F3","16","3","5","Growing Grid","Act One: Mystery / Birth","diagonal pressure","G15 black with stress and planes","Answer","shows how darkness/crate responds","repeated line/grid fragments","slow-growing black-on-black grid, building-facade perspective, reflective window grid, isometric tile logic, no explicit cubes or warehouse","Act One: Mystery / Birth; diagonal pressure; slow-growing black-on-black grid, building-facade perspective, reflective window grid, isometric tile logic, no explicit cubes or warehouse; G15 black with stress and planes; Answer; shows how darkness/crate responds"
"94","B1-P16-F4","16","4","5","Growing Grid","Act One: Mystery / Birth","diagonal pressure","G15 black with stress and planes","Transform","shows the change beginning","repeated line/grid fragments","slow-growing black-on-black grid, building-facade perspective, reflective window grid, isometric tile logic, no explicit cubes or warehouse","Act One: Mystery / Birth; diagonal pressure; slow-growing black-on-black grid, building-facade perspective, reflective window grid, isometric tile logic, no explicit cubes or warehouse; G15 black with stress and planes; Transform; shows the change beginning"
"95","B1-P16-F5","16","5","5","Growing Grid","Act One: Mystery / Birth","diagonal pressure","G15 black with stress and planes","Clarify","makes one element more readable","repeated line/grid fragments","slow-growing black-on-black grid, building-facade perspective, reflective window grid, isometric tile logic, no explicit cubes or warehouse","Act One: Mystery / Birth; diagonal pressure; slow-growing black-on-black grid, building-facade perspective, reflective window grid, isometric tile logic, no explicit cubes or warehouse; G15 black with stress and planes; Clarify; makes one element more readable"
"96","B1-P16-F6","16","6","5","Growing Grid","Act One: Mystery / Birth","diagonal pressure","G15 black with stress and planes","Hand-off","points toward the next page","repeated line/grid fragments","slow-growing black-on-black grid, building-facade perspective, reflective window grid, isometric tile logic, no explicit cubes or warehouse","Act One: Mystery / Birth; diagonal pressure; slow-growing black-on-black grid, building-facade perspective, reflective window grid, isometric tile logic, no explicit cubes or warehouse; G15 black with stress and planes; Hand-off; points toward the next page"
"97","B1-P17-F1","17","1","5","Growing Grid","Act One: Mystery / Birth","diagonal pressure","G15 black with stress and planes","Establish","sets the page condition","repeated line/grid fragments","slow-growing black-on-black grid, building-facade perspective, reflective window grid, isometric tile logic, no explicit cubes or warehouse","Act One: Mystery / Birth; diagonal pressure; slow-growing black-on-black grid, building-facade perspective, reflective window grid, isometric tile logic, no explicit cubes or warehouse; G15 black with stress and planes; Establish; sets the page condition"
"98","B1-P17-F2","17","2","5","Growing Grid","Act One: Mystery / Birth","diagonal pressure","G15 black with stress and planes","Disturb","introduces the interruption","repeated line/grid fragments","slow-growing black-on-black grid, building-facade perspective, reflective window grid, isometric tile logic, no explicit cubes or warehouse","Act One: Mystery / Birth; diagonal pressure; slow-growing black-on-black grid, building-facade perspective, reflective window grid, isometric tile logic, no explicit cubes or warehouse; G15 black with stress and planes; Disturb; introduces the interruption"
"99","B1-P17-F3","17","3","5","Growing Grid","Act One: Mystery / Birth","diagonal pressure","G15 black with stress and planes","Answer","shows how darkness/crate responds","repeated line/grid fragments","slow-growing black-on-black grid, building-facade perspective, reflective window grid, isometric tile logic, no explicit cubes or warehouse","Act One: Mystery / Birth; diagonal pressure; slow-growing black-on-black grid, building-facade perspective, reflective window grid, isometric tile logic, no explicit cubes or warehouse; G15 black with stress and planes; Answer; shows how darkness/crate responds"
"100","B1-P17-F4","17","4","5","Growing Grid","Act One: Mystery / Birth","diagonal pressure","G15 black with stress and planes","Transform","shows the change beginning","repeated line/grid fragments","slow-growing black-on-black grid, building-facade perspective, reflective window grid, isometric tile logic, no explicit cubes or warehouse","Act One: Mystery / Birth; diagonal pressure; slow-growing black-on-black grid, building-facade perspective, reflective window grid, isometric tile logic, no explicit cubes or warehouse; G15 black with stress and planes; Transform; shows the change beginning"
"101","B1-P17-F5","17","5","5","Growing Grid","Act One: Mystery / Birth","diagonal pressure","G15 black with stress and planes","Clarify","makes one element more readable","repeated line/grid fragments","slow-growing black-on-black grid, building-facade perspective, reflective window grid, isometric tile logic, no explicit cubes or warehouse","Act One: Mystery / Birth; diagonal pressure; slow-growing black-on-black grid, building-facade perspective, reflective window grid, isometric tile logic, no explicit cubes or warehouse; G15 black with stress and planes; Clarify; makes one element more readable"
"102","B1-P17-F6","17","6","5","Growing Grid","Act One: Mystery / Birth","diagonal pressure","G15 black with stress and planes","Hand-off","points toward the next page","repeated line/grid fragments","slow-growing black-on-black grid, building-facade perspective, reflective window grid, isometric tile logic, no explicit cubes or warehouse","Act One: Mystery / Birth; diagonal pressure; slow-growing black-on-black grid, building-facade perspective, reflective window grid, isometric tile logic, no explicit cubes or warehouse; G15 black with stress and planes; Hand-off; points toward the next page"
"103","B1-P18-F1","18","1","5","Growing Grid","Act One: Mystery / Birth","diagonal pressure","G15 black with stress and planes","Establish","sets the page condition","repeated line/grid fragments","slow-growing black-on-black grid, building-facade perspective, reflective window grid, isometric tile logic, no explicit cubes or warehouse","Act One: Mystery / Birth; diagonal pressure; slow-growing black-on-black grid, building-facade perspective, reflective window grid, isometric tile logic, no explicit cubes or warehouse; G15 black with stress and planes; Establish; sets the page condition"
"104","B1-P18-F2","18","2","5","Growing Grid","Act One: Mystery / Birth","diagonal pressure","G15 black with stress and planes","Disturb","introduces the interruption","repeated line/grid fragments","slow-growing black-on-black grid, building-facade perspective, reflective window grid, isometric tile logic, no explicit cubes or warehouse","Act One: Mystery / Birth; diagonal pressure; slow-growing black-on-black grid, building-facade perspective, reflective window grid, isometric tile logic, no explicit cubes or warehouse; G15 black with stress and planes; Disturb; introduces the interruption"
"105","B1-P18-F3","18","3","5","Growing Grid","Act One: Mystery / Birth","diagonal pressure","G15 black with stress and planes","Answer","shows how darkness/crate responds","repeated line/grid fragments","slow-growing black-on-black grid, building-facade perspective, reflective window grid, isometric tile logic, no explicit cubes or warehouse","Act One: Mystery / Birth; diagonal pressure; slow-growing black-on-black grid, building-facade perspective, reflective window grid, isometric tile logic, no explicit cubes or warehouse; G15 black with stress and planes; Answer; shows how darkness/crate responds"
"106","B1-P18-F4","18","4","5","Growing Grid","Act One: Mystery / Birth","diagonal pressure","G15 black with stress and planes","Transform","shows the change beginning","repeated line/grid fragments","slow-growing black-on-black grid, building-facade perspective, reflective window grid, isometric tile logic, no explicit cubes or warehouse","Act One: Mystery / Birth; diagonal pressure; slow-growing black-on-black grid, building-facade perspective, reflective window grid, isometric tile logic, no explicit cubes or warehouse; G15 black with stress and planes; Transform; shows the change beginning"
"107","B1-P18-F5","18","5","5","Growing Grid","Act One: Mystery / Birth","diagonal pressure","G15 black with stress and planes","Clarify","makes one element more readable","repeated line/grid fragments","slow-growing black-on-black grid, building-facade perspective, reflective window grid, isometric tile logic, no explicit cubes or warehouse","Act One: Mystery / Birth; diagonal pressure; slow-growing black-on-black grid, building-facade perspective, reflective window grid, isometric tile logic, no explicit cubes or warehouse; G15 black with stress and planes; Clarify; makes one element more readable"
"108","B1-P18-F6","18","6","5","Growing Grid","Act One: Mystery / Birth","diagonal pressure","G15 black with stress and planes","Hand-off","points toward the next page","repeated line/grid fragments","slow-growing black-on-black grid, building-facade perspective, reflective window grid, isometric tile logic, no explicit cubes or warehouse","Act One: Mystery / Birth; diagonal pressure; slow-growing black-on-black grid, building-facade perspective, reflective window grid, isometric tile logic, no explicit cubes or warehouse; G15 black with stress and planes; Hand-off; points toward the next page"
"109","B1-P19-F1","19","1","6","Growth Pressure / Planes and Corners","Act Two: Terror / Death","dense cluster","G15 black with stress and planes","Establish","sets the page condition","object/action fragments","repeated geometric pattern compresses inward, readable planes and unstable corners","Act Two: Terror / Death; dense cluster; repeated geometric pattern compresses inward, readable planes and unstable corners; G15 black with stress and planes; Establish; sets the page condition"
"110","B1-P19-F2","19","2","6","Growth Pressure / Planes and Corners","Act Two: Terror / Death","dense cluster","G15 black with stress and planes","Disturb","introduces the interruption","object/action fragments","repeated geometric pattern compresses inward, readable planes and unstable corners","Act Two: Terror / Death; dense cluster; repeated geometric pattern compresses inward, readable planes and unstable corners; G15 black with stress and planes; Disturb; introduces the interruption"
"111","B1-P19-F3","19","3","6","Growth Pressure / Planes and Corners","Act Two: Terror / Death","dense cluster","G15 black with stress and planes","Answer","shows how darkness/crate responds","object/action fragments","repeated geometric pattern compresses inward, readable planes and unstable corners","Act Two: Terror / Death; dense cluster; repeated geometric pattern compresses inward, readable planes and unstable corners; G15 black with stress and planes; Answer; shows how darkness/crate responds"
"112","B1-P19-F4","19","4","6","Growth Pressure / Planes and Corners","Act Two: Terror / Death","dense cluster","G15 black with stress and planes","Transform","shows the change beginning","object/action fragments","repeated geometric pattern compresses inward, readable planes and unstable corners","Act Two: Terror / Death; dense cluster; repeated geometric pattern compresses inward, readable planes and unstable corners; G15 black with stress and planes; Transform; shows the change beginning"
"113","B1-P19-F5","19","5","6","Growth Pressure / Planes and Corners","Act Two: Terror / Death","dense cluster","G15 black with stress and planes","Clarify","makes one element more readable","object/action fragments","repeated geometric pattern compresses inward, readable planes and unstable corners","Act Two: Terror / Death; dense cluster; repeated geometric pattern compresses inward, readable planes and unstable corners; G15 black with stress and planes; Clarify; makes one element more readable"
"114","B1-P19-F6","19","6","6","Growth Pressure / Planes and Corners","Act Two: Terror / Death","dense cluster","G15 black with stress and planes","Hand-off","points toward the next page","object/action fragments","repeated geometric pattern compresses inward, readable planes and unstable corners","Act Two: Terror / Death; dense cluster; repeated geometric pattern compresses inward, readable planes and unstable corners; G15 black with stress and planes; Hand-off; points toward the next page"
"115","B1-P20-F1","20","1","6","Growth Pressure / Planes and Corners","Act Two: Terror / Death","dense cluster","G15 black with stress and planes","Establish","sets the page condition","object/action fragments","repeated geometric pattern compresses inward, readable planes and unstable corners","Act Two: Terror / Death; dense cluster; repeated geometric pattern compresses inward, readable planes and unstable corners; G15 black with stress and planes; Establish; sets the page condition"
"116","B1-P20-F2","20","2","6","Growth Pressure / Planes and Corners","Act Two: Terror / Death","dense cluster","G15 black with stress and planes","Disturb","introduces the interruption","object/action fragments","repeated geometric pattern compresses inward, readable planes and unstable corners","Act Two: Terror / Death; dense cluster; repeated geometric pattern compresses inward, readable planes and unstable corners; G15 black with stress and planes; Disturb; introduces the interruption"
"117","B1-P20-F3","20","3","6","Growth Pressure / Planes and Corners","Act Two: Terror / Death","dense cluster","G15 black with stress and planes","Answer","shows how darkness/crate responds","object/action fragments","repeated geometric pattern compresses inward, readable planes and unstable corners","Act Two: Terror / Death; dense cluster; repeated geometric pattern compresses inward, readable planes and unstable corners; G15 black with stress and planes; Answer; shows how darkness/crate responds"
"118","B1-P20-F4","20","4","6","Growth Pressure / Planes and Corners","Act Two: Terror / Death","dense cluster","G15 black with stress and planes","Transform","shows the change beginning","object/action fragments","repeated geometric pattern compresses inward, readable planes and unstable corners","Act Two: Terror / Death; dense cluster; repeated geometric pattern compresses inward, readable planes and unstable corners; G15 black with stress and planes; Transform; shows the change beginning"
"119","B1-P20-F5","20","5","6","Growth Pressure / Planes and Corners","Act Two: Terror / Death","dense cluster","G15 black with stress and planes","Clarify","makes one element more readable","object/action fragments","repeated geometric pattern compresses inward, readable planes and unstable corners","Act Two: Terror / Death; dense cluster; repeated geometric pattern compresses inward, readable planes and unstable corners; G15 black with stress and planes; Clarify; makes one element more readable"
"120","B1-P20-F6","20","6","6","Growth Pressure / Planes and Corners","Act Two: Terror / Death","dense cluster","G15 black with stress and planes","Hand-off","points toward the next page","object/action fragments","repeated geometric pattern compresses inward, readable planes and unstable corners","Act Two: Terror / Death; dense cluster; repeated geometric pattern compresses inward, readable planes and unstable corners; G15 black with stress and planes; Hand-off; points toward the next page"
"121","B1-P21-F1","21","1","6","Growth Pressure / Planes and Corners","Act Two: Terror / Death","dense cluster","G15 black with stress and planes","Establish","sets the page condition","object/action fragments","repeated geometric pattern compresses inward, readable planes and unstable corners","Act Two: Terror / Death; dense cluster; repeated geometric pattern compresses inward, readable planes and unstable corners; G15 black with stress and planes; Establish; sets the page condition"
"122","B1-P21-F2","21","2","6","Growth Pressure / Planes and Corners","Act Two: Terror / Death","dense cluster","G15 black with stress and planes","Disturb","introduces the interruption","object/action fragments","repeated geometric pattern compresses inward, readable planes and unstable corners","Act Two: Terror / Death; dense cluster; repeated geometric pattern compresses inward, readable planes and unstable corners; G15 black with stress and planes; Disturb; introduces the interruption"
"123","B1-P21-F3","21","3","6","Growth Pressure / Planes and Corners","Act Two: Terror / Death","dense cluster","G15 black with stress and planes","Answer","shows how darkness/crate responds","object/action fragments","repeated geometric pattern compresses inward, readable planes and unstable corners","Act Two: Terror / Death; dense cluster; repeated geometric pattern compresses inward, readable planes and unstable corners; G15 black with stress and planes; Answer; shows how darkness/crate responds"
"124","B1-P21-F4","21","4","6","Growth Pressure / Planes and Corners","Act Two: Terror / Death","dense cluster","G15 black with stress and planes","Transform","shows the change beginning","object/action fragments","repeated geometric pattern compresses inward, readable planes and unstable corners","Act Two: Terror / Death; dense cluster; repeated geometric pattern compresses inward, readable planes and unstable corners; G15 black with stress and planes; Transform; shows the change beginning"
"125","B1-P21-F5","21","5","6","Growth Pressure / Planes and Corners","Act Two: Terror / Death","dense cluster","G15 black with stress and planes","Clarify","makes one element more readable","object/action fragments","repeated geometric pattern compresses inward, readable planes and unstable corners","Act Two: Terror / Death; dense cluster; repeated geometric pattern compresses inward, readable planes and unstable corners; G15 black with stress and planes; Clarify; makes one element more readable"
"126","B1-P21-F6","21","6","6","Growth Pressure / Planes and Corners","Act Two: Terror / Death","dense cluster","G15 black with stress and planes","Hand-off","points toward the next page","object/action fragments","repeated geometric pattern compresses inward, readable planes and unstable corners","Act Two: Terror / Death; dense cluster; repeated geometric pattern compresses inward, readable planes and unstable corners; G15 black with stress and planes; Hand-off; points toward the next page"
"127","B1-P22-F1","22","1","6","Growth Pressure / Planes and Corners","Act Two: Terror / Death","dense cluster","G15 black with stress and planes","Establish","sets the page condition","object/action fragments","repeated geometric pattern compresses inward, readable planes and unstable corners","Act Two: Terror / Death; dense cluster; repeated geometric pattern compresses inward, readable planes and unstable corners; G15 black with stress and planes; Establish; sets the page condition"
"128","B1-P22-F2","22","2","6","Growth Pressure / Planes and Corners","Act Two: Terror / Death","dense cluster","G15 black with stress and planes","Disturb","introduces the interruption","object/action fragments","repeated geometric pattern compresses inward, readable planes and unstable corners","Act Two: Terror / Death; dense cluster; repeated geometric pattern compresses inward, readable planes and unstable corners; G15 black with stress and planes; Disturb; introduces the interruption"
"129","B1-P22-F3","22","3","6","Growth Pressure / Planes and Corners","Act Two: Terror / Death","dense cluster","G15 black with stress and planes","Answer","shows how darkness/crate responds","object/action fragments","repeated geometric pattern compresses inward, readable planes and unstable corners","Act Two: Terror / Death; dense cluster; repeated geometric pattern compresses inward, readable planes and unstable corners; G15 black with stress and planes; Answer; shows how darkness/crate responds"
"130","B1-P22-F4","22","4","6","Growth Pressure / Planes and Corners","Act Two: Terror / Death","dense cluster","G15 black with stress and planes","Transform","shows the change beginning","object/action fragments","repeated geometric pattern compresses inward, readable planes and unstable corners","Act Two: Terror / Death; dense cluster; repeated geometric pattern compresses inward, readable planes and unstable corners; G15 black with stress and planes; Transform; shows the change beginning"
"131","B1-P22-F5","22","5","6","Growth Pressure / Planes and Corners","Act Two: Terror / Death","dense cluster","G15 black with stress and planes","Clarify","makes one element more readable","object/action fragments","repeated geometric pattern compresses inward, readable planes and unstable corners","Act Two: Terror / Death; dense cluster; repeated geometric pattern compresses inward, readable planes and unstable corners; G15 black with stress and planes; Clarify; makes one element more readable"
"132","B1-P22-F6","22","6","6","Growth Pressure / Planes and Corners","Act Two: Terror / Death","dense cluster","G15 black with stress and planes","Hand-off","points toward the next page","object/action fragments","repeated geometric pattern compresses inward, readable planes and unstable corners","Act Two: Terror / Death; dense cluster; repeated geometric pattern compresses inward, readable planes and unstable corners; G15 black with stress and planes; Hand-off; points toward the next page"
"133","B1-P23-F1","23","1","7","Wood","Act Two: Terror / Death","dense cluster","G25 black with wood detail","Establish","sets the page condition","object/action fragments","wood grain emerging from blackness","Act Two: Terror / Death; dense cluster; wood grain emerging from blackness; G25 black with wood detail; Establish; sets the page condition"
"134","B1-P23-F2","23","2","7","Wood","Act Two: Terror / Death","dense cluster","G25 black with wood detail","Disturb","introduces the interruption","object/action fragments","wood grain emerging from blackness","Act Two: Terror / Death; dense cluster; wood grain emerging from blackness; G25 black with wood detail; Disturb; introduces the interruption"
"135","B1-P23-F3","23","3","7","Wood","Act Two: Terror / Death","dense cluster","G25 black with wood detail","Answer","shows how darkness/crate responds","object/action fragments","wood grain emerging from blackness","Act Two: Terror / Death; dense cluster; wood grain emerging from blackness; G25 black with wood detail; Answer; shows how darkness/crate responds"
"136","B1-P23-F4","23","4","7","Wood","Act Two: Terror / Death","dense cluster","G25 black with wood detail","Transform","shows the change beginning","object/action fragments","wood grain emerging from blackness","Act Two: Terror / Death; dense cluster; wood grain emerging from blackness; G25 black with wood detail; Transform; shows the change beginning"
"137","B1-P23-F5","23","5","7","Wood","Act Two: Terror / Death","dense cluster","G25 black with wood detail","Clarify","makes one element more readable","object/action fragments","wood grain emerging from blackness","Act Two: Terror / Death; dense cluster; wood grain emerging from blackness; G25 black with wood detail; Clarify; makes one element more readable"
"138","B1-P23-F6","23","6","7","Wood","Act Two: Terror / Death","dense cluster","G25 black with wood detail","Hand-off","points toward the next page","object/action fragments","wood grain emerging from blackness","Act Two: Terror / Death; dense cluster; wood grain emerging from blackness; G25 black with wood detail; Hand-off; points toward the next page"
"139","B1-P24-F1","24","1","7","Wood","Act Two: Terror / Death","dense cluster","G25 black with wood detail","Establish","sets the page condition","object/action fragments","wood grain emerging from blackness","Act Two: Terror / Death; dense cluster; wood grain emerging from blackness; G25 black with wood detail; Establish; sets the page condition"
"140","B1-P24-F2","24","2","7","Wood","Act Two: Terror / Death","dense cluster","G25 black with wood detail","Disturb","introduces the interruption","object/action fragments","wood grain emerging from blackness","Act Two: Terror / Death; dense cluster; wood grain emerging from blackness; G25 black with wood detail; Disturb; introduces the interruption"
"141","B1-P24-F3","24","3","7","Wood","Act Two: Terror / Death","dense cluster","G25 black with wood detail","Answer","shows how darkness/crate responds","object/action fragments","wood grain emerging from blackness","Act Two: Terror / Death; dense cluster; wood grain emerging from blackness; G25 black with wood detail; Answer; shows how darkness/crate responds"
"142","B1-P24-F4","24","4","7","Wood","Act Two: Terror / Death","dense cluster","G25 black with wood detail","Transform","shows the change beginning","object/action fragments","wood grain emerging from blackness","Act Two: Terror / Death; dense cluster; wood grain emerging from blackness; G25 black with wood detail; Transform; shows the change beginning"
"143","B1-P24-F5","24","5","7","Wood","Act Two: Terror / Death","dense cluster","G25 black with wood detail","Clarify","makes one element more readable","object/action fragments","wood grain emerging from blackness","Act Two: Terror / Death; dense cluster; wood grain emerging from blackness; G25 black with wood detail; Clarify; makes one element more readable"
"144","B1-P24-F6","24","6","7","Wood","Act Two: Terror / Death","dense cluster","G25 black with wood detail","Hand-off","points toward the next page","object/action fragments","wood grain emerging from blackness","Act Two: Terror / Death; dense cluster; wood grain emerging from blackness; G25 black with wood detail; Hand-off; points toward the next page"
"145","B1-P25-F1","25","1","7","Wood","Act Two: Terror / Death","dense cluster","G25 black with wood detail","Establish","sets the page condition","object/action fragments","wood grain emerging from blackness","Act Two: Terror / Death; dense cluster; wood grain emerging from blackness; G25 black with wood detail; Establish; sets the page condition"
"146","B1-P25-F2","25","2","7","Wood","Act Two: Terror / Death","dense cluster","G25 black with wood detail","Disturb","introduces the interruption","object/action fragments","wood grain emerging from blackness","Act Two: Terror / Death; dense cluster; wood grain emerging from blackness; G25 black with wood detail; Disturb; introduces the interruption"
"147","B1-P25-F3","25","3","7","Wood","Act Two: Terror / Death","dense cluster","G25 black with wood detail","Answer","shows how darkness/crate responds","object/action fragments","wood grain emerging from blackness","Act Two: Terror / Death; dense cluster; wood grain emerging from blackness; G25 black with wood detail; Answer; shows how darkness/crate responds"
"148","B1-P25-F4","25","4","7","Wood","Act Two: Terror / Death","dense cluster","G25 black with wood detail","Transform","shows the change beginning","object/action fragments","wood grain emerging from blackness","Act Two: Terror / Death; dense cluster; wood grain emerging from blackness; G25 black with wood detail; Transform; shows the change beginning"
"149","B1-P25-F5","25","5","7","Wood","Act Two: Terror / Death","dense cluster","G25 black with wood detail","Clarify","makes one element more readable","object/action fragments","wood grain emerging from blackness","Act Two: Terror / Death; dense cluster; wood grain emerging from blackness; G25 black with wood detail; Clarify; makes one element more readable"
"150","B1-P25-F6","25","6","7","Wood","Act Two: Terror / Death","dense cluster","G25 black with wood detail","Hand-off","points toward the next page","object/action fragments","wood grain emerging from blackness","Act Two: Terror / Death; dense cluster; wood grain emerging from blackness; G25 black with wood detail; Hand-off; points toward the next page"
"151","B1-P26-F1","26","1","7","Wood","Act Two: Terror / Death","dense cluster","G25 black with wood detail","Establish","sets the page condition","object/action fragments","wood grain emerging from blackness","Act Two: Terror / Death; dense cluster; wood grain emerging from blackness; G25 black with wood detail; Establish; sets the page condition"
"152","B1-P26-F2","26","2","7","Wood","Act Two: Terror / Death","dense cluster","G25 black with wood detail","Disturb","introduces the interruption","object/action fragments","wood grain emerging from blackness","Act Two: Terror / Death; dense cluster; wood grain emerging from blackness; G25 black with wood detail; Disturb; introduces the interruption"
"153","B1-P26-F3","26","3","7","Wood","Act Two: Terror / Death","dense cluster","G25 black with wood detail","Answer","shows how darkness/crate responds","object/action fragments","wood grain emerging from blackness","Act Two: Terror / Death; dense cluster; wood grain emerging from blackness; G25 black with wood detail; Answer; shows how darkness/crate responds"
"154","B1-P26-F4","26","4","7","Wood","Act Two: Terror / Death","dense cluster","G25 black with wood detail","Transform","shows the change beginning","object/action fragments","wood grain emerging from blackness","Act Two: Terror / Death; dense cluster; wood grain emerging from blackness; G25 black with wood detail; Transform; shows the change beginning"
"155","B1-P26-F5","26","5","7","Wood","Act Two: Terror / Death","dense cluster","G25 black with wood detail","Clarify","makes one element more readable","object/action fragments","wood grain emerging from blackness","Act Two: Terror / Death; dense cluster; wood grain emerging from blackness; G25 black with wood detail; Clarify; makes one element more readable"
"156","B1-P26-F6","26","6","7","Wood","Act Two: Terror / Death","dense cluster","G25 black with wood detail","Hand-off","points toward the next page","object/action fragments","wood grain emerging from blackness","Act Two: Terror / Death; dense cluster; wood grain emerging from blackness; G25 black with wood detail; Hand-off; points toward the next page"
"157","B1-P27-F1","27","1","8","The Seam","Act Two: Terror / Death","horizontal seam","G25 black with wood detail","Establish","sets the page condition","object/action fragments","upper door seam appears as possible exit","Act Two: Terror / Death; horizontal seam; upper door seam appears as possible exit; G25 black with wood detail; Establish; sets the page condition"
"158","B1-P27-F2","27","2","8","The Seam","Act Two: Terror / Death","horizontal seam","G25 black with wood detail","Disturb","introduces the interruption","object/action fragments","upper door seam appears as possible exit","Act Two: Terror / Death; horizontal seam; upper door seam appears as possible exit; G25 black with wood detail; Disturb; introduces the interruption"
"159","B1-P27-F3","27","3","8","The Seam","Act Two: Terror / Death","horizontal seam","G25 black with wood detail","Answer","shows how darkness/crate responds","object/action fragments","upper door seam appears as possible exit","Act Two: Terror / Death; horizontal seam; upper door seam appears as possible exit; G25 black with wood detail; Answer; shows how darkness/crate responds"
"160","B1-P27-F4","27","4","8","The Seam","Act Two: Terror / Death","horizontal seam","G25 black with wood detail","Transform","shows the change beginning","object/action fragments","upper door seam appears as possible exit","Act Two: Terror / Death; horizontal seam; upper door seam appears as possible exit; G25 black with wood detail; Transform; shows the change beginning"
"161","B1-P27-F5","27","5","8","The Seam","Act Two: Terror / Death","horizontal seam","G25 black with wood detail","Clarify","makes one element more readable","object/action fragments","upper door seam appears as possible exit","Act Two: Terror / Death; horizontal seam; upper door seam appears as possible exit; G25 black with wood detail; Clarify; makes one element more readable"
"162","B1-P27-F6","27","6","8","The Seam","Act Two: Terror / Death","horizontal seam","G25 black with wood detail","Hand-off","points toward the next page","object/action fragments","upper door seam appears as possible exit","Act Two: Terror / Death; horizontal seam; upper door seam appears as possible exit; G25 black with wood detail; Hand-off; points toward the next page"
"163","B1-P28-F1","28","1","8","The Seam","Act Two: Terror / Death","horizontal seam","G25 black with wood detail","Establish","sets the page condition","object/action fragments","upper door seam appears as possible exit","Act Two: Terror / Death; horizontal seam; upper door seam appears as possible exit; G25 black with wood detail; Establish; sets the page condition"
"164","B1-P28-F2","28","2","8","The Seam","Act Two: Terror / Death","horizontal seam","G25 black with wood detail","Disturb","introduces the interruption","object/action fragments","upper door seam appears as possible exit","Act Two: Terror / Death; horizontal seam; upper door seam appears as possible exit; G25 black with wood detail; Disturb; introduces the interruption"
"165","B1-P28-F3","28","3","8","The Seam","Act Two: Terror / Death","horizontal seam","G25 black with wood detail","Answer","shows how darkness/crate responds","object/action fragments","upper door seam appears as possible exit","Act Two: Terror / Death; horizontal seam; upper door seam appears as possible exit; G25 black with wood detail; Answer; shows how darkness/crate responds"
"166","B1-P28-F4","28","4","8","The Seam","Act Two: Terror / Death","horizontal seam","G25 black with wood detail","Transform","shows the change beginning","object/action fragments","upper door seam appears as possible exit","Act Two: Terror / Death; horizontal seam; upper door seam appears as possible exit; G25 black with wood detail; Transform; shows the change beginning"
"167","B1-P28-F5","28","5","8","The Seam","Act Two: Terror / Death","horizontal seam","G25 black with wood detail","Clarify","makes one element more readable","object/action fragments","upper door seam appears as possible exit","Act Two: Terror / Death; horizontal seam; upper door seam appears as possible exit; G25 black with wood detail; Clarify; makes one element more readable"
"168","B1-P28-F6","28","6","8","The Seam","Act Two: Terror / Death","horizontal seam","G25 black with wood detail","Hand-off","points toward the next page","object/action fragments","upper door seam appears as possible exit","Act Two: Terror / Death; horizontal seam; upper door seam appears as possible exit; G25 black with wood detail; Hand-off; points toward the next page"
"169","B1-P29-F1","29","1","8","The Seam","Act Two: Terror / Death","horizontal seam","G25 black with wood detail","Establish","sets the page condition","object/action fragments","upper door seam appears as possible exit","Act Two: Terror / Death; horizontal seam; upper door seam appears as possible exit; G25 black with wood detail; Establish; sets the page condition"
"170","B1-P29-F2","29","2","8","The Seam","Act Two: Terror / Death","horizontal seam","G25 black with wood detail","Disturb","introduces the interruption","object/action fragments","upper door seam appears as possible exit","Act Two: Terror / Death; horizontal seam; upper door seam appears as possible exit; G25 black with wood detail; Disturb; introduces the interruption"
"171","B1-P29-F3","29","3","8","The Seam","Act Two: Terror / Death","horizontal seam","G25 black with wood detail","Answer","shows how darkness/crate responds","object/action fragments","upper door seam appears as possible exit","Act Two: Terror / Death; horizontal seam; upper door seam appears as possible exit; G25 black with wood detail; Answer; shows how darkness/crate responds"
"172","B1-P29-F4","29","4","8","The Seam","Act Two: Terror / Death","horizontal seam","G25 black with wood detail","Transform","shows the change beginning","object/action fragments","upper door seam appears as possible exit","Act Two: Terror / Death; horizontal seam; upper door seam appears as possible exit; G25 black with wood detail; Transform; shows the change beginning"
"173","B1-P29-F5","29","5","8","The Seam","Act Two: Terror / Death","horizontal seam","G25 black with wood detail","Clarify","makes one element more readable","object/action fragments","upper door seam appears as possible exit","Act Two: Terror / Death; horizontal seam; upper door seam appears as possible exit; G25 black with wood detail; Clarify; makes one element more readable"
"174","B1-P29-F6","29","6","8","The Seam","Act Two: Terror / Death","horizontal seam","G25 black with wood detail","Hand-off","points toward the next page","object/action fragments","upper door seam appears as possible exit","Act Two: Terror / Death; horizontal seam; upper door seam appears as possible exit; G25 black with wood detail; Hand-off; points toward the next page"
"175","B1-P30-F1","30","1","8","The Seam","Act Two: Terror / Death","horizontal seam","G25 black with wood detail","Establish","sets the page condition","object/action fragments","upper door seam appears as possible exit","Act Two: Terror / Death; horizontal seam; upper door seam appears as possible exit; G25 black with wood detail; Establish; sets the page condition"
"176","B1-P30-F2","30","2","8","The Seam","Act Two: Terror / Death","horizontal seam","G25 black with wood detail","Disturb","introduces the interruption","object/action fragments","upper door seam appears as possible exit","Act Two: Terror / Death; horizontal seam; upper door seam appears as possible exit; G25 black with wood detail; Disturb; introduces the interruption"
"177","B1-P30-F3","30","3","8","The Seam","Act Two: Terror / Death","horizontal seam","G25 black with wood detail","Answer","shows how darkness/crate responds","object/action fragments","upper door seam appears as possible exit","Act Two: Terror / Death; horizontal seam; upper door seam appears as possible exit; G25 black with wood detail; Answer; shows how darkness/crate responds"
"178","B1-P30-F4","30","4","8","The Seam","Act Two: Terror / Death","horizontal seam","G25 black with wood detail","Transform","shows the change beginning","object/action fragments","upper door seam appears as possible exit","Act Two: Terror / Death; horizontal seam; upper door seam appears as possible exit; G25 black with wood detail; Transform; shows the change beginning"
"179","B1-P30-F5","30","5","8","The Seam","Act Two: Terror / Death","horizontal seam","G25 black with wood detail","Clarify","makes one element more readable","object/action fragments","upper door seam appears as possible exit","Act Two: Terror / Death; horizontal seam; upper door seam appears as possible exit; G25 black with wood detail; Clarify; makes one element more readable"
"180","B1-P30-F6","30","6","8","The Seam","Act Two: Terror / Death","horizontal seam","G25 black with wood detail","Hand-off","points toward the next page","object/action fragments","upper door seam appears as possible exit","Act Two: Terror / Death; horizontal seam; upper door seam appears as possible exit; G25 black with wood detail; Hand-off; points toward the next page"
"181","B1-P31-F1","31","1","9","Sliver","Act Two: Terror / Death","horizontal seam","G35 dark grey with rupture sliver","Establish","sets the page condition","fragment chains, no prose","thin rupture light through seam","Act Two: Terror / Death; horizontal seam; thin rupture light through seam; G35 dark grey with rupture sliver; Establish; sets the page condition"
"182","B1-P31-F2","31","2","9","Sliver","Act Two: Terror / Death","horizontal seam","G35 dark grey with rupture sliver","Disturb","introduces the interruption","fragment chains, no prose","thin rupture light through seam","Act Two: Terror / Death; horizontal seam; thin rupture light through seam; G35 dark grey with rupture sliver; Disturb; introduces the interruption"
"183","B1-P31-F3","31","3","9","Sliver","Act Two: Terror / Death","horizontal seam","G35 dark grey with rupture sliver","Answer","shows how darkness/crate responds","fragment chains, no prose","thin rupture light through seam","Act Two: Terror / Death; horizontal seam; thin rupture light through seam; G35 dark grey with rupture sliver; Answer; shows how darkness/crate responds"
"184","B1-P31-F4","31","4","9","Sliver","Act Two: Terror / Death","horizontal seam","G35 dark grey with rupture sliver","Transform","shows the change beginning","fragment chains, no prose","thin rupture light through seam","Act Two: Terror / Death; horizontal seam; thin rupture light through seam; G35 dark grey with rupture sliver; Transform; shows the change beginning"
"185","B1-P31-F5","31","5","9","Sliver","Act Two: Terror / Death","horizontal seam","G35 dark grey with rupture sliver","Clarify","makes one element more readable","fragment chains, no prose","thin rupture light through seam","Act Two: Terror / Death; horizontal seam; thin rupture light through seam; G35 dark grey with rupture sliver; Clarify; makes one element more readable"
"186","B1-P31-F6","31","6","9","Sliver","Act Two: Terror / Death","horizontal seam","G35 dark grey with rupture sliver","Hand-off","points toward the next page","fragment chains, no prose","thin rupture light through seam","Act Two: Terror / Death; horizontal seam; thin rupture light through seam; G35 dark grey with rupture sliver; Hand-off; points toward the next page"
"187","B1-P32-F1","32","1","9","Sliver","Act Two: Terror / Death","horizontal seam","G35 dark grey with rupture sliver","Establish","sets the page condition","fragment chains, no prose","thin rupture light through seam","Act Two: Terror / Death; horizontal seam; thin rupture light through seam; G35 dark grey with rupture sliver; Establish; sets the page condition"
"188","B1-P32-F2","32","2","9","Sliver","Act Two: Terror / Death","horizontal seam","G35 dark grey with rupture sliver","Disturb","introduces the interruption","fragment chains, no prose","thin rupture light through seam","Act Two: Terror / Death; horizontal seam; thin rupture light through seam; G35 dark grey with rupture sliver; Disturb; introduces the interruption"
"189","B1-P32-F3","32","3","9","Sliver","Act Two: Terror / Death","horizontal seam","G35 dark grey with rupture sliver","Answer","shows how darkness/crate responds","fragment chains, no prose","thin rupture light through seam","Act Two: Terror / Death; horizontal seam; thin rupture light through seam; G35 dark grey with rupture sliver; Answer; shows how darkness/crate responds"
"190","B1-P32-F4","32","4","9","Sliver","Act Two: Terror / Death","horizontal seam","G35 dark grey with rupture sliver","Transform","shows the change beginning","fragment chains, no prose","thin rupture light through seam","Act Two: Terror / Death; horizontal seam; thin rupture light through seam; G35 dark grey with rupture sliver; Transform; shows the change beginning"
"191","B1-P32-F5","32","5","9","Sliver","Act Two: Terror / Death","horizontal seam","G35 dark grey with rupture sliver","Clarify","makes one element more readable","fragment chains, no prose","thin rupture light through seam","Act Two: Terror / Death; horizontal seam; thin rupture light through seam; G35 dark grey with rupture sliver; Clarify; makes one element more readable"
"192","B1-P32-F6","32","6","9","Sliver","Act Two: Terror / Death","horizontal seam","G35 dark grey with rupture sliver","Hand-off","points toward the next page","fragment chains, no prose","thin rupture light through seam","Act Two: Terror / Death; horizontal seam; thin rupture light through seam; G35 dark grey with rupture sliver; Hand-off; points toward the next page"
"193","B1-P33-F1","33","1","9","Sliver","Act Two: Terror / Death","horizontal seam","G35 dark grey with rupture sliver","Establish","sets the page condition","fragment chains, no prose","thin rupture light through seam","Act Two: Terror / Death; horizontal seam; thin rupture light through seam; G35 dark grey with rupture sliver; Establish; sets the page condition"
"194","B1-P33-F2","33","2","9","Sliver","Act Two: Terror / Death","horizontal seam","G35 dark grey with rupture sliver","Disturb","introduces the interruption","fragment chains, no prose","thin rupture light through seam","Act Two: Terror / Death; horizontal seam; thin rupture light through seam; G35 dark grey with rupture sliver; Disturb; introduces the interruption"
"195","B1-P33-F3","33","3","9","Sliver","Act Two: Terror / Death","horizontal seam","G35 dark grey with rupture sliver","Answer","shows how darkness/crate responds","fragment chains, no prose","thin rupture light through seam","Act Two: Terror / Death; horizontal seam; thin rupture light through seam; G35 dark grey with rupture sliver; Answer; shows how darkness/crate responds"
"196","B1-P33-F4","33","4","9","Sliver","Act Two: Terror / Death","horizontal seam","G35 dark grey with rupture sliver","Transform","shows the change beginning","fragment chains, no prose","thin rupture light through seam","Act Two: Terror / Death; horizontal seam; thin rupture light through seam; G35 dark grey with rupture sliver; Transform; shows the change beginning"
"197","B1-P33-F5","33","5","9","Sliver","Act Two: Terror / Death","horizontal seam","G35 dark grey with rupture sliver","Clarify","makes one element more readable","fragment chains, no prose","thin rupture light through seam","Act Two: Terror / Death; horizontal seam; thin rupture light through seam; G35 dark grey with rupture sliver; Clarify; makes one element more readable"
"198","B1-P33-F6","33","6","9","Sliver","Act Two: Terror / Death","horizontal seam","G35 dark grey with rupture sliver","Hand-off","points toward the next page","fragment chains, no prose","thin rupture light through seam","Act Two: Terror / Death; horizontal seam; thin rupture light through seam; G35 dark grey with rupture sliver; Hand-off; points toward the next page"
"199","B1-P34-F1","34","1","9","Sliver","Act Two: Terror / Death","horizontal seam","G35 dark grey with rupture sliver","Establish","sets the page condition","fragment chains, no prose","thin rupture light through seam","Act Two: Terror / Death; horizontal seam; thin rupture light through seam; G35 dark grey with rupture sliver; Establish; sets the page condition"
"200","B1-P34-F2","34","2","9","Sliver","Act Two: Terror / Death","horizontal seam","G35 dark grey with rupture sliver","Disturb","introduces the interruption","fragment chains, no prose","thin rupture light through seam","Act Two: Terror / Death; horizontal seam; thin rupture light through seam; G35 dark grey with rupture sliver; Disturb; introduces the interruption"
"201","B1-P34-F3","34","3","9","Sliver","Act Two: Terror / Death","horizontal seam","G35 dark grey with rupture sliver","Answer","shows how darkness/crate responds","fragment chains, no prose","thin rupture light through seam","Act Two: Terror / Death; horizontal seam; thin rupture light through seam; G35 dark grey with rupture sliver; Answer; shows how darkness/crate responds"
"202","B1-P34-F4","34","4","9","Sliver","Act Two: Terror / Death","horizontal seam","G35 dark grey with rupture sliver","Transform","shows the change beginning","fragment chains, no prose","thin rupture light through seam","Act Two: Terror / Death; horizontal seam; thin rupture light through seam; G35 dark grey with rupture sliver; Transform; shows the change beginning"
"203","B1-P34-F5","34","5","9","Sliver","Act Two: Terror / Death","horizontal seam","G35 dark grey with rupture sliver","Clarify","makes one element more readable","fragment chains, no prose","thin rupture light through seam","Act Two: Terror / Death; horizontal seam; thin rupture light through seam; G35 dark grey with rupture sliver; Clarify; makes one element more readable"
"204","B1-P34-F6","34","6","9","Sliver","Act Two: Terror / Death","horizontal seam","G35 dark grey with rupture sliver","Hand-off","points toward the next page","fragment chains, no prose","thin rupture light through seam","Act Two: Terror / Death; horizontal seam; thin rupture light through seam; G35 dark grey with rupture sliver; Hand-off; points toward the next page"
"205","B1-P35-F1","35","1","10","Break","Act Two: Terror / Death","diagonal pressure to direction","G35 dark grey with rupture sliver","Establish","sets the page condition","fragment chains, no prose","crate breaking under growth pressure","Act Two: Terror / Death; diagonal pressure to direction; crate breaking under growth pressure; G35 dark grey with rupture sliver; Establish; sets the page condition"
"206","B1-P35-F2","35","2","10","Break","Act Two: Terror / Death","diagonal pressure to direction","G35 dark grey with rupture sliver","Disturb","introduces the interruption","fragment chains, no prose","crate breaking under growth pressure","Act Two: Terror / Death; diagonal pressure to direction; crate breaking under growth pressure; G35 dark grey with rupture sliver; Disturb; introduces the interruption"
"207","B1-P35-F3","35","3","10","Break","Act Two: Terror / Death","diagonal pressure to direction","G35 dark grey with rupture sliver","Answer","shows how darkness/crate responds","fragment chains, no prose","crate breaking under growth pressure","Act Two: Terror / Death; diagonal pressure to direction; crate breaking under growth pressure; G35 dark grey with rupture sliver; Answer; shows how darkness/crate responds"
"208","B1-P35-F4","35","4","10","Break","Act Two: Terror / Death","diagonal pressure to direction","G35 dark grey with rupture sliver","Transform","shows the change beginning","fragment chains, no prose","crate breaking under growth pressure","Act Two: Terror / Death; diagonal pressure to direction; crate breaking under growth pressure; G35 dark grey with rupture sliver; Transform; shows the change beginning"
"209","B1-P35-F5","35","5","10","Break","Act Two: Terror / Death","diagonal pressure to direction","G35 dark grey with rupture sliver","Clarify","makes one element more readable","fragment chains, no prose","crate breaking under growth pressure","Act Two: Terror / Death; diagonal pressure to direction; crate breaking under growth pressure; G35 dark grey with rupture sliver; Clarify; makes one element more readable"
"210","B1-P35-F6","35","6","10","Break","Act Two: Terror / Death","diagonal pressure to direction","G35 dark grey with rupture sliver","Hand-off","points toward the next page","fragment chains, no prose","crate breaking under growth pressure","Act Two: Terror / Death; diagonal pressure to direction; crate breaking under growth pressure; G35 dark grey with rupture sliver; Hand-off; points toward the next page"
"211","B1-P36-F1","36","1","10","Break","Act Two: Terror / Death","diagonal pressure to direction","G35 dark grey with rupture sliver","Establish","sets the page condition","fragment chains, no prose","crate breaking under growth pressure","Act Two: Terror / Death; diagonal pressure to direction; crate breaking under growth pressure; G35 dark grey with rupture sliver; Establish; sets the page condition"
"212","B1-P36-F2","36","2","10","Break","Act Two: Terror / Death","diagonal pressure to direction","G35 dark grey with rupture sliver","Disturb","introduces the interruption","fragment chains, no prose","crate breaking under growth pressure","Act Two: Terror / Death; diagonal pressure to direction; crate breaking under growth pressure; G35 dark grey with rupture sliver; Disturb; introduces the interruption"
"213","B1-P36-F3","36","3","10","Break","Act Two: Terror / Death","diagonal pressure to direction","G35 dark grey with rupture sliver","Answer","shows how darkness/crate responds","fragment chains, no prose","crate breaking under growth pressure","Act Two: Terror / Death; diagonal pressure to direction; crate breaking under growth pressure; G35 dark grey with rupture sliver; Answer; shows how darkness/crate responds"
"214","B1-P36-F4","36","4","10","Break","Act Two: Terror / Death","diagonal pressure to direction","G35 dark grey with rupture sliver","Transform","shows the change beginning","fragment chains, no prose","crate breaking under growth pressure","Act Two: Terror / Death; diagonal pressure to direction; crate breaking under growth pressure; G35 dark grey with rupture sliver; Transform; shows the change beginning"
"215","B1-P36-F5","36","5","10","Break","Act Two: Terror / Death","diagonal pressure to direction","G35 dark grey with rupture sliver","Clarify","makes one element more readable","fragment chains, no prose","crate breaking under growth pressure","Act Two: Terror / Death; diagonal pressure to direction; crate breaking under growth pressure; G35 dark grey with rupture sliver; Clarify; makes one element more readable"
"216","B1-P36-F6","36","6","10","Break","Act Two: Terror / Death","diagonal pressure to direction","G35 dark grey with rupture sliver","Hand-off","points toward the next page","fragment chains, no prose","crate breaking under growth pressure","Act Two: Terror / Death; diagonal pressure to direction; crate breaking under growth pressure; G35 dark grey with rupture sliver; Hand-off; points toward the next page"
"217","B1-P37-F1","37","1","10","Break","Act Two: Terror / Death","diagonal pressure to direction","G35 dark grey with rupture sliver","Establish","sets the page condition","fragment chains, no prose","crate breaking under growth pressure","Act Two: Terror / Death; diagonal pressure to direction; crate breaking under growth pressure; G35 dark grey with rupture sliver; Establish; sets the page condition"
"218","B1-P37-F2","37","2","10","Break","Act Two: Terror / Death","diagonal pressure to direction","G35 dark grey with rupture sliver","Disturb","introduces the interruption","fragment chains, no prose","crate breaking under growth pressure","Act Two: Terror / Death; diagonal pressure to direction; crate breaking under growth pressure; G35 dark grey with rupture sliver; Disturb; introduces the interruption"
"219","B1-P37-F3","37","3","10","Break","Act Two: Terror / Death","diagonal pressure to direction","G35 dark grey with rupture sliver","Answer","shows how darkness/crate responds","fragment chains, no prose","crate breaking under growth pressure","Act Two: Terror / Death; diagonal pressure to direction; crate breaking under growth pressure; G35 dark grey with rupture sliver; Answer; shows how darkness/crate responds"
"220","B1-P37-F4","37","4","10","Break","Act Two: Terror / Death","diagonal pressure to direction","G35 dark grey with rupture sliver","Transform","shows the change beginning","fragment chains, no prose","crate breaking under growth pressure","Act Two: Terror / Death; diagonal pressure to direction; crate breaking under growth pressure; G35 dark grey with rupture sliver; Transform; shows the change beginning"
"221","B1-P37-F5","37","5","10","Break","Act Two: Terror / Death","diagonal pressure to direction","G35 dark grey with rupture sliver","Clarify","makes one element more readable","fragment chains, no prose","crate breaking under growth pressure","Act Two: Terror / Death; diagonal pressure to direction; crate breaking under growth pressure; G35 dark grey with rupture sliver; Clarify; makes one element more readable"
"222","B1-P37-F6","37","6","10","Break","Act Two: Terror / Death","diagonal pressure to direction","G35 dark grey with rupture sliver","Hand-off","points toward the next page","fragment chains, no prose","crate breaking under growth pressure","Act Two: Terror / Death; diagonal pressure to direction; crate breaking under growth pressure; G35 dark grey with rupture sliver; Hand-off; points toward the next page"
"223","B1-P38-F1","38","1","10","Break","Act Two: Terror / Death","diagonal pressure to direction","G35 dark grey with rupture sliver","Establish","sets the page condition","fragment chains, no prose","crate breaking under growth pressure","Act Two: Terror / Death; diagonal pressure to direction; crate breaking under growth pressure; G35 dark grey with rupture sliver; Establish; sets the page condition"
"224","B1-P38-F2","38","2","10","Break","Act Two: Terror / Death","diagonal pressure to direction","G35 dark grey with rupture sliver","Disturb","introduces the interruption","fragment chains, no prose","crate breaking under growth pressure","Act Two: Terror / Death; diagonal pressure to direction; crate breaking under growth pressure; G35 dark grey with rupture sliver; Disturb; introduces the interruption"
"225","B1-P38-F3","38","3","10","Break","Act Two: Terror / Death","diagonal pressure to direction","G35 dark grey with rupture sliver","Answer","shows how darkness/crate responds","fragment chains, no prose","crate breaking under growth pressure","Act Two: Terror / Death; diagonal pressure to direction; crate breaking under growth pressure; G35 dark grey with rupture sliver; Answer; shows how darkness/crate responds"
"226","B1-P38-F4","38","4","10","Break","Act Two: Terror / Death","diagonal pressure to direction","G35 dark grey with rupture sliver","Transform","shows the change beginning","fragment chains, no prose","crate breaking under growth pressure","Act Two: Terror / Death; diagonal pressure to direction; crate breaking under growth pressure; G35 dark grey with rupture sliver; Transform; shows the change beginning"
"227","B1-P38-F5","38","5","10","Break","Act Two: Terror / Death","diagonal pressure to direction","G35 dark grey with rupture sliver","Clarify","makes one element more readable","fragment chains, no prose","crate breaking under growth pressure","Act Two: Terror / Death; diagonal pressure to direction; crate breaking under growth pressure; G35 dark grey with rupture sliver; Clarify; makes one element more readable"
"228","B1-P38-F6","38","6","10","Break","Act Two: Terror / Death","diagonal pressure to direction","G35 dark grey with rupture sliver","Hand-off","points toward the next page","fragment chains, no prose","crate breaking under growth pressure","Act Two: Terror / Death; diagonal pressure to direction; crate breaking under growth pressure; G35 dark grey with rupture sliver; Hand-off; points toward the next page"
"229","B1-P39-F1","39","1","11","Dark Home-Space","Act Three: Action / Rebirth","diagonal pressure to direction","G45 grey-dark exterior uncertainty","Establish","sets the page condition","fragment chains, no prose","symbolic family-home darkness outside crate","Act Three: Action / Rebirth; diagonal pressure to direction; symbolic family-home darkness outside crate; G45 grey-dark exterior uncertainty; Establish; sets the page condition"
"230","B1-P39-F2","39","2","11","Dark Home-Space","Act Three: Action / Rebirth","diagonal pressure to direction","G45 grey-dark exterior uncertainty","Disturb","introduces the interruption","fragment chains, no prose","symbolic family-home darkness outside crate","Act Three: Action / Rebirth; diagonal pressure to direction; symbolic family-home darkness outside crate; G45 grey-dark exterior uncertainty; Disturb; introduces the interruption"
"231","B1-P39-F3","39","3","11","Dark Home-Space","Act Three: Action / Rebirth","diagonal pressure to direction","G45 grey-dark exterior uncertainty","Answer","shows how darkness/crate responds","fragment chains, no prose","symbolic family-home darkness outside crate","Act Three: Action / Rebirth; diagonal pressure to direction; symbolic family-home darkness outside crate; G45 grey-dark exterior uncertainty; Answer; shows how darkness/crate responds"
"232","B1-P39-F4","39","4","11","Dark Home-Space","Act Three: Action / Rebirth","diagonal pressure to direction","G45 grey-dark exterior uncertainty","Transform","shows the change beginning","fragment chains, no prose","symbolic family-home darkness outside crate","Act Three: Action / Rebirth; diagonal pressure to direction; symbolic family-home darkness outside crate; G45 grey-dark exterior uncertainty; Transform; shows the change beginning"
"233","B1-P39-F5","39","5","11","Dark Home-Space","Act Three: Action / Rebirth","diagonal pressure to direction","G45 grey-dark exterior uncertainty","Clarify","makes one element more readable","fragment chains, no prose","symbolic family-home darkness outside crate","Act Three: Action / Rebirth; diagonal pressure to direction; symbolic family-home darkness outside crate; G45 grey-dark exterior uncertainty; Clarify; makes one element more readable"
"234","B1-P39-F6","39","6","11","Dark Home-Space","Act Three: Action / Rebirth","diagonal pressure to direction","G45 grey-dark exterior uncertainty","Hand-off","points toward the next page","fragment chains, no prose","symbolic family-home darkness outside crate","Act Three: Action / Rebirth; diagonal pressure to direction; symbolic family-home darkness outside crate; G45 grey-dark exterior uncertainty; Hand-off; points toward the next page"
"235","B1-P40-F1","40","1","11","Dark Home-Space","Act Three: Action / Rebirth","diagonal pressure to direction","G45 grey-dark exterior uncertainty","Establish","sets the page condition","fragment chains, no prose","symbolic family-home darkness outside crate","Act Three: Action / Rebirth; diagonal pressure to direction; symbolic family-home darkness outside crate; G45 grey-dark exterior uncertainty; Establish; sets the page condition"
"236","B1-P40-F2","40","2","11","Dark Home-Space","Act Three: Action / Rebirth","diagonal pressure to direction","G45 grey-dark exterior uncertainty","Disturb","introduces the interruption","fragment chains, no prose","symbolic family-home darkness outside crate","Act Three: Action / Rebirth; diagonal pressure to direction; symbolic family-home darkness outside crate; G45 grey-dark exterior uncertainty; Disturb; introduces the interruption"
"237","B1-P40-F3","40","3","11","Dark Home-Space","Act Three: Action / Rebirth","diagonal pressure to direction","G45 grey-dark exterior uncertainty","Answer","shows how darkness/crate responds","fragment chains, no prose","symbolic family-home darkness outside crate","Act Three: Action / Rebirth; diagonal pressure to direction; symbolic family-home darkness outside crate; G45 grey-dark exterior uncertainty; Answer; shows how darkness/crate responds"
"238","B1-P40-F4","40","4","11","Dark Home-Space","Act Three: Action / Rebirth","diagonal pressure to direction","G45 grey-dark exterior uncertainty","Transform","shows the change beginning","fragment chains, no prose","symbolic family-home darkness outside crate","Act Three: Action / Rebirth; diagonal pressure to direction; symbolic family-home darkness outside crate; G45 grey-dark exterior uncertainty; Transform; shows the change beginning"
"239","B1-P40-F5","40","5","11","Dark Home-Space","Act Three: Action / Rebirth","diagonal pressure to direction","G45 grey-dark exterior uncertainty","Clarify","makes one element more readable","fragment chains, no prose","symbolic family-home darkness outside crate","Act Three: Action / Rebirth; diagonal pressure to direction; symbolic family-home darkness outside crate; G45 grey-dark exterior uncertainty; Clarify; makes one element more readable"
"240","B1-P40-F6","40","6","11","Dark Home-Space","Act Three: Action / Rebirth","diagonal pressure to direction","G45 grey-dark exterior uncertainty","Hand-off","points toward the next page","fragment chains, no prose","symbolic family-home darkness outside crate","Act Three: Action / Rebirth; diagonal pressure to direction; symbolic family-home darkness outside crate; G45 grey-dark exterior uncertainty; Hand-off; points toward the next page"
"241","B1-P41-F1","41","1","11","Dark Home-Space","Act Three: Action / Rebirth","diagonal pressure to direction","G45 grey-dark exterior uncertainty","Establish","sets the page condition","fragment chains, no prose","symbolic family-home darkness outside crate","Act Three: Action / Rebirth; diagonal pressure to direction; symbolic family-home darkness outside crate; G45 grey-dark exterior uncertainty; Establish; sets the page condition"
"242","B1-P41-F2","41","2","11","Dark Home-Space","Act Three: Action / Rebirth","diagonal pressure to direction","G45 grey-dark exterior uncertainty","Disturb","introduces the interruption","fragment chains, no prose","symbolic family-home darkness outside crate","Act Three: Action / Rebirth; diagonal pressure to direction; symbolic family-home darkness outside crate; G45 grey-dark exterior uncertainty; Disturb; introduces the interruption"
"243","B1-P41-F3","41","3","11","Dark Home-Space","Act Three: Action / Rebirth","diagonal pressure to direction","G45 grey-dark exterior uncertainty","Answer","shows how darkness/crate responds","fragment chains, no prose","symbolic family-home darkness outside crate","Act Three: Action / Rebirth; diagonal pressure to direction; symbolic family-home darkness outside crate; G45 grey-dark exterior uncertainty; Answer; shows how darkness/crate responds"
"244","B1-P41-F4","41","4","11","Dark Home-Space","Act Three: Action / Rebirth","diagonal pressure to direction","G45 grey-dark exterior uncertainty","Transform","shows the change beginning","fragment chains, no prose","symbolic family-home darkness outside crate","Act Three: Action / Rebirth; diagonal pressure to direction; symbolic family-home darkness outside crate; G45 grey-dark exterior uncertainty; Transform; shows the change beginning"
"245","B1-P41-F5","41","5","11","Dark Home-Space","Act Three: Action / Rebirth","diagonal pressure to direction","G45 grey-dark exterior uncertainty","Clarify","makes one element more readable","fragment chains, no prose","symbolic family-home darkness outside crate","Act Three: Action / Rebirth; diagonal pressure to direction; symbolic family-home darkness outside crate; G45 grey-dark exterior uncertainty; Clarify; makes one element more readable"
"246","B1-P41-F6","41","6","11","Dark Home-Space","Act Three: Action / Rebirth","diagonal pressure to direction","G45 grey-dark exterior uncertainty","Hand-off","points toward the next page","fragment chains, no prose","symbolic family-home darkness outside crate","Act Three: Action / Rebirth; diagonal pressure to direction; symbolic family-home darkness outside crate; G45 grey-dark exterior uncertainty; Hand-off; points toward the next page"
"247","B1-P42-F1","42","1","11","Dark Home-Space","Act Three: Action / Rebirth","diagonal pressure to direction","G45 grey-dark exterior uncertainty","Establish","sets the page condition","fragment chains, no prose","symbolic family-home darkness outside crate","Act Three: Action / Rebirth; diagonal pressure to direction; symbolic family-home darkness outside crate; G45 grey-dark exterior uncertainty; Establish; sets the page condition"
"248","B1-P42-F2","42","2","11","Dark Home-Space","Act Three: Action / Rebirth","diagonal pressure to direction","G45 grey-dark exterior uncertainty","Disturb","introduces the interruption","fragment chains, no prose","symbolic family-home darkness outside crate","Act Three: Action / Rebirth; diagonal pressure to direction; symbolic family-home darkness outside crate; G45 grey-dark exterior uncertainty; Disturb; introduces the interruption"
"249","B1-P42-F3","42","3","11","Dark Home-Space","Act Three: Action / Rebirth","diagonal pressure to direction","G45 grey-dark exterior uncertainty","Answer","shows how darkness/crate responds","fragment chains, no prose","symbolic family-home darkness outside crate","Act Three: Action / Rebirth; diagonal pressure to direction; symbolic family-home darkness outside crate; G45 grey-dark exterior uncertainty; Answer; shows how darkness/crate responds"
"250","B1-P42-F4","42","4","11","Dark Home-Space","Act Three: Action / Rebirth","diagonal pressure to direction","G45 grey-dark exterior uncertainty","Transform","shows the change beginning","fragment chains, no prose","symbolic family-home darkness outside crate","Act Three: Action / Rebirth; diagonal pressure to direction; symbolic family-home darkness outside crate; G45 grey-dark exterior uncertainty; Transform; shows the change beginning"
"251","B1-P42-F5","42","5","11","Dark Home-Space","Act Three: Action / Rebirth","diagonal pressure to direction","G45 grey-dark exterior uncertainty","Clarify","makes one element more readable","fragment chains, no prose","symbolic family-home darkness outside crate","Act Three: Action / Rebirth; diagonal pressure to direction; symbolic family-home darkness outside crate; G45 grey-dark exterior uncertainty; Clarify; makes one element more readable"
"252","B1-P42-F6","42","6","11","Dark Home-Space","Act Three: Action / Rebirth","diagonal pressure to direction","G45 grey-dark exterior uncertainty","Hand-off","points toward the next page","fragment chains, no prose","symbolic family-home darkness outside crate","Act Three: Action / Rebirth; diagonal pressure to direction; symbolic family-home darkness outside crate; G45 grey-dark exterior uncertainty; Hand-off; points toward the next page"
"253","B1-P43-F1","43","1","12","Follow the Line","Act Three: Action / Rebirth","diagonal pressure to direction","G45 grey-dark exterior uncertainty","Establish","sets the page condition","fragment chains, no prose","following the sliver through grey-dark space","Act Three: Action / Rebirth; diagonal pressure to direction; following the sliver through grey-dark space; G45 grey-dark exterior uncertainty; Establish; sets the page condition"
"254","B1-P43-F2","43","2","12","Follow the Line","Act Three: Action / Rebirth","diagonal pressure to direction","G45 grey-dark exterior uncertainty","Disturb","introduces the interruption","fragment chains, no prose","following the sliver through grey-dark space","Act Three: Action / Rebirth; diagonal pressure to direction; following the sliver through grey-dark space; G45 grey-dark exterior uncertainty; Disturb; introduces the interruption"
"255","B1-P43-F3","43","3","12","Follow the Line","Act Three: Action / Rebirth","diagonal pressure to direction","G45 grey-dark exterior uncertainty","Answer","shows how darkness/crate responds","fragment chains, no prose","following the sliver through grey-dark space","Act Three: Action / Rebirth; diagonal pressure to direction; following the sliver through grey-dark space; G45 grey-dark exterior uncertainty; Answer; shows how darkness/crate responds"
"256","B1-P43-F4","43","4","12","Follow the Line","Act Three: Action / Rebirth","diagonal pressure to direction","G45 grey-dark exterior uncertainty","Transform","shows the change beginning","fragment chains, no prose","following the sliver through grey-dark space","Act Three: Action / Rebirth; diagonal pressure to direction; following the sliver through grey-dark space; G45 grey-dark exterior uncertainty; Transform; shows the change beginning"
"257","B1-P43-F5","43","5","12","Follow the Line","Act Three: Action / Rebirth","diagonal pressure to direction","G45 grey-dark exterior uncertainty","Clarify","makes one element more readable","fragment chains, no prose","following the sliver through grey-dark space","Act Three: Action / Rebirth; diagonal pressure to direction; following the sliver through grey-dark space; G45 grey-dark exterior uncertainty; Clarify; makes one element more readable"
"258","B1-P43-F6","43","6","12","Follow the Line","Act Three: Action / Rebirth","diagonal pressure to direction","G45 grey-dark exterior uncertainty","Hand-off","points toward the next page","fragment chains, no prose","following the sliver through grey-dark space","Act Three: Action / Rebirth; diagonal pressure to direction; following the sliver through grey-dark space; G45 grey-dark exterior uncertainty; Hand-off; points toward the next page"
"259","B1-P44-F1","44","1","12","Follow the Line","Act Three: Action / Rebirth","diagonal pressure to direction","G45 grey-dark exterior uncertainty","Establish","sets the page condition","fragment chains, no prose","following the sliver through grey-dark space","Act Three: Action / Rebirth; diagonal pressure to direction; following the sliver through grey-dark space; G45 grey-dark exterior uncertainty; Establish; sets the page condition"
"260","B1-P44-F2","44","2","12","Follow the Line","Act Three: Action / Rebirth","diagonal pressure to direction","G45 grey-dark exterior uncertainty","Disturb","introduces the interruption","fragment chains, no prose","following the sliver through grey-dark space","Act Three: Action / Rebirth; diagonal pressure to direction; following the sliver through grey-dark space; G45 grey-dark exterior uncertainty; Disturb; introduces the interruption"
"261","B1-P44-F3","44","3","12","Follow the Line","Act Three: Action / Rebirth","diagonal pressure to direction","G45 grey-dark exterior uncertainty","Answer","shows how darkness/crate responds","fragment chains, no prose","following the sliver through grey-dark space","Act Three: Action / Rebirth; diagonal pressure to direction; following the sliver through grey-dark space; G45 grey-dark exterior uncertainty; Answer; shows how darkness/crate responds"
"262","B1-P44-F4","44","4","12","Follow the Line","Act Three: Action / Rebirth","diagonal pressure to direction","G45 grey-dark exterior uncertainty","Transform","shows the change beginning","fragment chains, no prose","following the sliver through grey-dark space","Act Three: Action / Rebirth; diagonal pressure to direction; following the sliver through grey-dark space; G45 grey-dark exterior uncertainty; Transform; shows the change beginning"
"263","B1-P44-F5","44","5","12","Follow the Line","Act Three: Action / Rebirth","diagonal pressure to direction","G45 grey-dark exterior uncertainty","Clarify","makes one element more readable","fragment chains, no prose","following the sliver through grey-dark space","Act Three: Action / Rebirth; diagonal pressure to direction; following the sliver through grey-dark space; G45 grey-dark exterior uncertainty; Clarify; makes one element more readable"
"264","B1-P44-F6","44","6","12","Follow the Line","Act Three: Action / Rebirth","diagonal pressure to direction","G45 grey-dark exterior uncertainty","Hand-off","points toward the next page","fragment chains, no prose","following the sliver through grey-dark space","Act Three: Action / Rebirth; diagonal pressure to direction; following the sliver through grey-dark space; G45 grey-dark exterior uncertainty; Hand-off; points toward the next page"
"265","B1-P45-F1","45","1","12","Follow the Line","Act Three: Action / Rebirth","diagonal pressure to direction","G45 grey-dark exterior uncertainty","Establish","sets the page condition","fragment chains, no prose","following the sliver through grey-dark space","Act Three: Action / Rebirth; diagonal pressure to direction; following the sliver through grey-dark space; G45 grey-dark exterior uncertainty; Establish; sets the page condition"
"266","B1-P45-F2","45","2","12","Follow the Line","Act Three: Action / Rebirth","diagonal pressure to direction","G45 grey-dark exterior uncertainty","Disturb","introduces the interruption","fragment chains, no prose","following the sliver through grey-dark space","Act Three: Action / Rebirth; diagonal pressure to direction; following the sliver through grey-dark space; G45 grey-dark exterior uncertainty; Disturb; introduces the interruption"
"267","B1-P45-F3","45","3","12","Follow the Line","Act Three: Action / Rebirth","diagonal pressure to direction","G45 grey-dark exterior uncertainty","Answer","shows how darkness/crate responds","fragment chains, no prose","following the sliver through grey-dark space","Act Three: Action / Rebirth; diagonal pressure to direction; following the sliver through grey-dark space; G45 grey-dark exterior uncertainty; Answer; shows how darkness/crate responds"
"268","B1-P45-F4","45","4","12","Follow the Line","Act Three: Action / Rebirth","diagonal pressure to direction","G45 grey-dark exterior uncertainty","Transform","shows the change beginning","fragment chains, no prose","following the sliver through grey-dark space","Act Three: Action / Rebirth; diagonal pressure to direction; following the sliver through grey-dark space; G45 grey-dark exterior uncertainty; Transform; shows the change beginning"
"269","B1-P45-F5","45","5","12","Follow the Line","Act Three: Action / Rebirth","diagonal pressure to direction","G45 grey-dark exterior uncertainty","Clarify","makes one element more readable","fragment chains, no prose","following the sliver through grey-dark space","Act Three: Action / Rebirth; diagonal pressure to direction; following the sliver through grey-dark space; G45 grey-dark exterior uncertainty; Clarify; makes one element more readable"
"270","B1-P45-F6","45","6","12","Follow the Line","Act Three: Action / Rebirth","diagonal pressure to direction","G45 grey-dark exterior uncertainty","Hand-off","points toward the next page","fragment chains, no prose","following the sliver through grey-dark space","Act Three: Action / Rebirth; diagonal pressure to direction; following the sliver through grey-dark space; G45 grey-dark exterior uncertainty; Hand-off; points toward the next page"
"271","B1-P46-F1","46","1","13","Humming Door","Act Three: Action / Rebirth","stepped threshold","G55 readable grey threshold","Establish","sets the page condition","fragment chains, no prose","stone-adjacent humming door boundary","Act Three: Action / Rebirth; stepped threshold; stone-adjacent humming door boundary; G55 readable grey threshold; Establish; sets the page condition"
"272","B1-P46-F2","46","2","13","Humming Door","Act Three: Action / Rebirth","stepped threshold","G55 readable grey threshold","Disturb","introduces the interruption","fragment chains, no prose","stone-adjacent humming door boundary","Act Three: Action / Rebirth; stepped threshold; stone-adjacent humming door boundary; G55 readable grey threshold; Disturb; introduces the interruption"
"273","B1-P46-F3","46","3","13","Humming Door","Act Three: Action / Rebirth","stepped threshold","G55 readable grey threshold","Answer","shows how darkness/crate responds","fragment chains, no prose","stone-adjacent humming door boundary","Act Three: Action / Rebirth; stepped threshold; stone-adjacent humming door boundary; G55 readable grey threshold; Answer; shows how darkness/crate responds"
"274","B1-P46-F4","46","4","13","Humming Door","Act Three: Action / Rebirth","stepped threshold","G55 readable grey threshold","Transform","shows the change beginning","fragment chains, no prose","stone-adjacent humming door boundary","Act Three: Action / Rebirth; stepped threshold; stone-adjacent humming door boundary; G55 readable grey threshold; Transform; shows the change beginning"
"275","B1-P46-F5","46","5","13","Humming Door","Act Three: Action / Rebirth","stepped threshold","G55 readable grey threshold","Clarify","makes one element more readable","fragment chains, no prose","stone-adjacent humming door boundary","Act Three: Action / Rebirth; stepped threshold; stone-adjacent humming door boundary; G55 readable grey threshold; Clarify; makes one element more readable"
"276","B1-P46-F6","46","6","13","Humming Door","Act Three: Action / Rebirth","stepped threshold","G55 readable grey threshold","Hand-off","points toward the next page","fragment chains, no prose","stone-adjacent humming door boundary","Act Three: Action / Rebirth; stepped threshold; stone-adjacent humming door boundary; G55 readable grey threshold; Hand-off; points toward the next page"
"277","B1-P47-F1","47","1","13","Humming Door","Act Three: Action / Rebirth","stepped threshold","G55 readable grey threshold","Establish","sets the page condition","fragment chains, no prose","stone-adjacent humming door boundary","Act Three: Action / Rebirth; stepped threshold; stone-adjacent humming door boundary; G55 readable grey threshold; Establish; sets the page condition"
"278","B1-P47-F2","47","2","13","Humming Door","Act Three: Action / Rebirth","stepped threshold","G55 readable grey threshold","Disturb","introduces the interruption","fragment chains, no prose","stone-adjacent humming door boundary","Act Three: Action / Rebirth; stepped threshold; stone-adjacent humming door boundary; G55 readable grey threshold; Disturb; introduces the interruption"
"279","B1-P47-F3","47","3","13","Humming Door","Act Three: Action / Rebirth","stepped threshold","G55 readable grey threshold","Answer","shows how darkness/crate responds","fragment chains, no prose","stone-adjacent humming door boundary","Act Three: Action / Rebirth; stepped threshold; stone-adjacent humming door boundary; G55 readable grey threshold; Answer; shows how darkness/crate responds"
"280","B1-P47-F4","47","4","13","Humming Door","Act Three: Action / Rebirth","stepped threshold","G55 readable grey threshold","Transform","shows the change beginning","fragment chains, no prose","stone-adjacent humming door boundary","Act Three: Action / Rebirth; stepped threshold; stone-adjacent humming door boundary; G55 readable grey threshold; Transform; shows the change beginning"
"281","B1-P47-F5","47","5","13","Humming Door","Act Three: Action / Rebirth","stepped threshold","G55 readable grey threshold","Clarify","makes one element more readable","fragment chains, no prose","stone-adjacent humming door boundary","Act Three: Action / Rebirth; stepped threshold; stone-adjacent humming door boundary; G55 readable grey threshold; Clarify; makes one element more readable"
"282","B1-P47-F6","47","6","13","Humming Door","Act Three: Action / Rebirth","stepped threshold","G55 readable grey threshold","Hand-off","points toward the next page","fragment chains, no prose","stone-adjacent humming door boundary","Act Three: Action / Rebirth; stepped threshold; stone-adjacent humming door boundary; G55 readable grey threshold; Hand-off; points toward the next page"
"283","B1-P48-F1","48","1","13","Humming Door","Act Three: Action / Rebirth","stepped threshold","G55 readable grey threshold","Establish","sets the page condition","fragment chains, no prose","stone-adjacent humming door boundary","Act Three: Action / Rebirth; stepped threshold; stone-adjacent humming door boundary; G55 readable grey threshold; Establish; sets the page condition"
"284","B1-P48-F2","48","2","13","Humming Door","Act Three: Action / Rebirth","stepped threshold","G55 readable grey threshold","Disturb","introduces the interruption","fragment chains, no prose","stone-adjacent humming door boundary","Act Three: Action / Rebirth; stepped threshold; stone-adjacent humming door boundary; G55 readable grey threshold; Disturb; introduces the interruption"
"285","B1-P48-F3","48","3","13","Humming Door","Act Three: Action / Rebirth","stepped threshold","G55 readable grey threshold","Answer","shows how darkness/crate responds","fragment chains, no prose","stone-adjacent humming door boundary","Act Three: Action / Rebirth; stepped threshold; stone-adjacent humming door boundary; G55 readable grey threshold; Answer; shows how darkness/crate responds"
"286","B1-P48-F4","48","4","13","Humming Door","Act Three: Action / Rebirth","stepped threshold","G55 readable grey threshold","Transform","shows the change beginning","fragment chains, no prose","stone-adjacent humming door boundary","Act Three: Action / Rebirth; stepped threshold; stone-adjacent humming door boundary; G55 readable grey threshold; Transform; shows the change beginning"
"287","B1-P48-F5","48","5","13","Humming Door","Act Three: Action / Rebirth","stepped threshold","G55 readable grey threshold","Clarify","makes one element more readable","fragment chains, no prose","stone-adjacent humming door boundary","Act Three: Action / Rebirth; stepped threshold; stone-adjacent humming door boundary; G55 readable grey threshold; Clarify; makes one element more readable"
"288","B1-P48-F6","48","6","13","Humming Door","Act Three: Action / Rebirth","stepped threshold","G55 readable grey threshold","Hand-off","points toward the next page","fragment chains, no prose","stone-adjacent humming door boundary","Act Three: Action / Rebirth; stepped threshold; stone-adjacent humming door boundary; G55 readable grey threshold; Hand-off; points toward the next page"
"289","B1-P49-F1","49","1","14","At the Threshold","Act Three: Action / Rebirth","stepped threshold","G55 readable grey threshold","Establish","sets the page condition","fragment chains, no prose","escaped crate, door dominates, not yet beyond","Act Three: Action / Rebirth; stepped threshold; escaped crate, door dominates, not yet beyond; G55 readable grey threshold; Establish; sets the page condition"
"290","B1-P49-F2","49","2","14","At the Threshold","Act Three: Action / Rebirth","stepped threshold","G55 readable grey threshold","Disturb","introduces the interruption","fragment chains, no prose","escaped crate, door dominates, not yet beyond","Act Three: Action / Rebirth; stepped threshold; escaped crate, door dominates, not yet beyond; G55 readable grey threshold; Disturb; introduces the interruption"
"291","B1-P49-F3","49","3","14","At the Threshold","Act Three: Action / Rebirth","stepped threshold","G55 readable grey threshold","Answer","shows how darkness/crate responds","fragment chains, no prose","escaped crate, door dominates, not yet beyond","Act Three: Action / Rebirth; stepped threshold; escaped crate, door dominates, not yet beyond; G55 readable grey threshold; Answer; shows how darkness/crate responds"
"292","B1-P49-F4","49","4","14","At the Threshold","Act Three: Action / Rebirth","stepped threshold","G55 readable grey threshold","Transform","shows the change beginning","fragment chains, no prose","escaped crate, door dominates, not yet beyond","Act Three: Action / Rebirth; stepped threshold; escaped crate, door dominates, not yet beyond; G55 readable grey threshold; Transform; shows the change beginning"
"293","B1-P49-F5","49","5","14","At the Threshold","Act Three: Action / Rebirth","stepped threshold","G55 readable grey threshold","Clarify","makes one element more readable","fragment chains, no prose","escaped crate, door dominates, not yet beyond","Act Three: Action / Rebirth; stepped threshold; escaped crate, door dominates, not yet beyond; G55 readable grey threshold; Clarify; makes one element more readable"
"294","B1-P49-F6","49","6","14","At the Threshold","Act Three: Action / Rebirth","stepped threshold","G55 readable grey threshold","Hand-off","points toward the next page","fragment chains, no prose","escaped crate, door dominates, not yet beyond","Act Three: Action / Rebirth; stepped threshold; escaped crate, door dominates, not yet beyond; G55 readable grey threshold; Hand-off; points toward the next page"
"295","B1-P50-F1","50","1","14","At the Threshold","Act Three: Action / Rebirth","stepped threshold","G55 readable grey threshold","Establish","sets the page condition","fragment chains, no prose","escaped crate, door dominates, not yet beyond","Act Three: Action / Rebirth; stepped threshold; escaped crate, door dominates, not yet beyond; G55 readable grey threshold; Establish; sets the page condition"
"296","B1-P50-F2","50","2","14","At the Threshold","Act Three: Action / Rebirth","stepped threshold","G55 readable grey threshold","Disturb","introduces the interruption","fragment chains, no prose","escaped crate, door dominates, not yet beyond","Act Three: Action / Rebirth; stepped threshold; escaped crate, door dominates, not yet beyond; G55 readable grey threshold; Disturb; introduces the interruption"
"297","B1-P50-F3","50","3","14","At the Threshold","Act Three: Action / Rebirth","stepped threshold","G55 readable grey threshold","Answer","shows how darkness/crate responds","fragment chains, no prose","escaped crate, door dominates, not yet beyond","Act Three: Action / Rebirth; stepped threshold; escaped crate, door dominates, not yet beyond; G55 readable grey threshold; Answer; shows how darkness/crate responds"
"298","B1-P50-F4","50","4","14","At the Threshold","Act Three: Action / Rebirth","stepped threshold","G55 readable grey threshold","Transform","shows the change beginning","fragment chains, no prose","escaped crate, door dominates, not yet beyond","Act Three: Action / Rebirth; stepped threshold; escaped crate, door dominates, not yet beyond; G55 readable grey threshold; Transform; shows the change beginning"
"299","B1-P50-F5","50","5","14","At the Threshold","Act Three: Action / Rebirth","stepped threshold","G55 readable grey threshold","Clarify","makes one element more readable","fragment chains, no prose","escaped crate, door dominates, not yet beyond","Act Three: Action / Rebirth; stepped threshold; escaped crate, door dominates, not yet beyond; G55 readable grey threshold; Clarify; makes one element more readable"
"300","B1-P50-F6","50","6","14","At the Threshold","Act Three: Action / Rebirth","stepped threshold","G55 readable grey threshold","Hand-off","points toward the next page","fragment chains, no prose","escaped crate, door dominates, not yet beyond","Act Three: Action / Rebirth; stepped threshold; escaped crate, door dominates, not yet beyond; G55 readable grey threshold; Hand-off; points toward the next page"
"301","B1-P51-F1","51","1","14","At the Threshold","Act Three: Action / Rebirth","stepped threshold","G55 readable grey threshold","Establish","sets the page condition","fragment chains, no prose","escaped crate, door dominates, not yet beyond","Act Three: Action / Rebirth; stepped threshold; escaped crate, door dominates, not yet beyond; G55 readable grey threshold; Establish; sets the page condition"
"302","B1-P51-F2","51","2","14","At the Threshold","Act Three: Action / Rebirth","stepped threshold","G55 readable grey threshold","Disturb","introduces the interruption","fragment chains, no prose","escaped crate, door dominates, not yet beyond","Act Three: Action / Rebirth; stepped threshold; escaped crate, door dominates, not yet beyond; G55 readable grey threshold; Disturb; introduces the interruption"
"303","B1-P51-F3","51","3","14","At the Threshold","Act Three: Action / Rebirth","stepped threshold","G55 readable grey threshold","Answer","shows how darkness/crate responds","fragment chains, no prose","escaped crate, door dominates, not yet beyond","Act Three: Action / Rebirth; stepped threshold; escaped crate, door dominates, not yet beyond; G55 readable grey threshold; Answer; shows how darkness/crate responds"
"304","B1-P51-F4","51","4","14","At the Threshold","Act Three: Action / Rebirth","stepped threshold","G55 readable grey threshold","Transform","shows the change beginning","fragment chains, no prose","escaped crate, door dominates, not yet beyond","Act Three: Action / Rebirth; stepped threshold; escaped crate, door dominates, not yet beyond; G55 readable grey threshold; Transform; shows the change beginning"
"305","B1-P51-F5","51","5","14","At the Threshold","Act Three: Action / Rebirth","stepped threshold","G55 readable grey threshold","Clarify","makes one element more readable","fragment chains, no prose","escaped crate, door dominates, not yet beyond","Act Three: Action / Rebirth; stepped threshold; escaped crate, door dominates, not yet beyond; G55 readable grey threshold; Clarify; makes one element more readable"
"306","B1-P51-F6","51","6","14","At the Threshold","Act Three: Action / Rebirth","stepped threshold","G55 readable grey threshold","Hand-off","points toward the next page","fragment chains, no prose","escaped crate, door dominates, not yet beyond","Act Three: Action / Rebirth; stepped threshold; escaped crate, door dominates, not yet beyond; G55 readable grey threshold; Hand-off; points toward the next page"
"307","B1-P52-F1","52","1","15","First Paragraph / Seventh Panel","Act Three: Action / Rebirth","stepped threshold","G55 readable grey threshold","Recovered darkness","recalls the crate-dark before leaving it","first full paragraph","first silhouette, first paragraph, formal breach","Act Three: Action / Rebirth; stepped threshold; first silhouette, first paragraph, formal breach; G55 readable grey threshold; Recovered darkness; recalls the crate-dark before leaving it"
"308","B1-P52-F2","52","2","15","First Paragraph / Seventh Panel","Act Three: Action / Rebirth","stepped threshold","G55 readable grey threshold","Crate aftermath","shows the broken first container without full explanation","first full paragraph","first silhouette, first paragraph, formal breach","Act Three: Action / Rebirth; stepped threshold; first silhouette, first paragraph, formal breach; G55 readable grey threshold; Crate aftermath; shows the broken first container without full explanation"
"309","B1-P52-F3","52","3","15","First Paragraph / Seventh Panel","Act Three: Action / Rebirth","stepped threshold","G55 readable grey threshold","Direction","aims the reader toward the door","first full paragraph","first silhouette, first paragraph, formal breach","Act Three: Action / Rebirth; stepped threshold; first silhouette, first paragraph, formal breach; G55 readable grey threshold; Direction; aims the reader toward the door"
"310","B1-P52-F4","52","4","15","First Paragraph / Seventh Panel","Act Three: Action / Rebirth","stepped threshold","G55 readable grey threshold","Humming boundary","makes the larger Cube pressure felt","first full paragraph","first silhouette, first paragraph, formal breach","Act Three: Action / Rebirth; stepped threshold; first silhouette, first paragraph, formal breach; G55 readable grey threshold; Humming boundary; makes the larger Cube pressure felt"
"311","B1-P52-F5","52","5","15","First Paragraph / Seventh Panel","Act Three: Action / Rebirth","stepped threshold","G55 readable grey threshold","First silhouette","reveals the narrator only as silhouette","first full paragraph","first silhouette, first paragraph, formal breach","Act Three: Action / Rebirth; stepped threshold; first silhouette, first paragraph, formal breach; G55 readable grey threshold; First silhouette; reveals the narrator only as silhouette"
"312","B1-P52-F6","52","6","15","First Paragraph / Seventh Panel","Act Three: Action / Rebirth","stepped threshold","G55 readable grey threshold","First paragraph","allows first complete thought","first full paragraph","first silhouette, first paragraph, formal breach","Act Three: Action / Rebirth; stepped threshold; first silhouette, first paragraph, formal breach; G55 readable grey threshold; First paragraph; allows first complete thought"
"313","B1-P52-F7","52","7","15","First Paragraph / Seventh Panel","Act Three: Action / Rebirth","stepped threshold","G55 readable grey threshold","Breach","opens the formal law of Book 2","first full paragraph","first silhouette, first paragraph, formal breach","Act Three: Action / Rebirth; stepped threshold; first silhouette, first paragraph, formal breach; G55 readable grey threshold; Breach; opens the formal law of Book 2"
